keyword,cluster,vol_seranking_2026-10,cpc_seranking_eur,vol_semrush_2025,cpc_semrush_eur,cpc_dataforseo_googleads_eur,vol_ruhr24staedte_summe_test,cpc_beste_schaetzung_eur,notiz
veneers,veneers,,,49500,0.56,,,0.56,
bleaching,bleaching,40500,0.68,49500,0.8,,,0.74,
invisalign,aligner/invisalign,33100,1.55,40500,1.25,,,1.4,
retainer,retainer,27100,0.86,27100,0.84,8.44,2290,0.85,"DataForSEO-CPC deutlich hoeher, Auktionspreis unklar"
zahnreinigung kosten,kosten,,,14800,0.79,,,0.79,
invisalign doctor site,aligner/invisalign,,,12100,,,,,keine CPC-Daten
schnarchschiene,schnarchen,12100,0.52,,,,,0.52,
veneer,veneers,,,10800,0.56,,,0.56,
zähne bleaching,bleaching,10800,0.8,8100,0.83,,,0.81,
knirschschiene,knirschen/funktion,9900,0.15,,,,,0.15,
kiefergelenkschmerzen,knirschen/funktion,,,9900,,,,,keine CPC-Daten
überbiss,auslöser,,,8100,0.83,,,0.83,
zähneknirschen,knirschen/funktion,,,8100,0.09,,,0.09,
weiße zähne,bleaching,,,8100,0.41,,,0.41,
aligner,aligner/invisalign,8000,1.28,12100,1.23,,,1.25,
zähne aufhellen,bleaching,6600,0.63,8100,0.48,,,0.55,
zahnspange kosten,kosten,,,6600,,,,,keine CPC-Daten
aufbissschiene,knirschen/funktion,,,6600,0.39,,,0.39,
retainer zähne,retainer,5700,0.73,5400,0.74,,,0.73,
zahnbleaching,bleaching,5400,0.88,6600,0.76,,,0.82,
zahnpasta test,erfahrung,,,5400,0.33,,,0.33,
professionelle zahnreinigung kosten,kosten,4400,0.62,,,,,0.62,
zahnaufhellung,bleaching,4400,0.71,5400,0.66,,,0.69,
zahnlücke,auslöser,,,3600,0.91,,,0.91,
zahnschienen,aligner/invisalign,3600,1.3,4400,1.15,,,1.23,
zahnschiene,aligner/invisalign,,,3200,1.12,,,1.12,
bleaching kosten,kosten,2900,0.54,5400,0.55,,,0.55,
schiefe zähne,auslöser,2900,,3600,,,0,,keine CPC-Daten
aligners,aligner/invisalign,2400,1.28,910,1.23,,,1.25,
beißschiene,knirschen/funktion,,,2400,0.44,,,0.44,
invisalign kosten,kosten,2400,,6600,,,0,,keine CPC-Daten
veneers zähne abschleifen,veneers,,,2400,,,,,keine CPC-Daten
knirschen,knirschen/funktion,,,1900,0.09,,,0.09,
knirscht,knirschen/funktion,,,1900,0.09,,,0.09,
zähne bleichen zahnarzt kosten,kosten,,,1900,,,,,keine CPC-Daten
zähne weiß,sonstiges,1800,0.58,2900,0.41,,,0.49,
bleaching zähne,bleaching,1800,0.74,910,0.74,,,0.74,
schmerzen kiefergelenk,knirschen/funktion,,,1800,0.09,,,0.09,
ups versandkosten,kosten,,,1600,0.14,,,0.14,
retainers,retainer,1600,0.86,660,1.19,,,1.02,
zahn bleaching,bleaching,1500,0.86,3600,0.82,,,0.84,
zahnarzt mülheim,lokal,1300,,,,,0,,keine CPC-Daten
zähne weißer,sonstiges,880,0.58,1300,0.41,,,0.49,
zahnarzt kosten,kosten,,,880,,,,,keine CPC-Daten
durchsichtige zahnspange,aligner/invisalign,810,,480,,,,,keine CPC-Daten
zähne knirschen,knirschen/funktion,,,760,,,,,keine CPC-Daten
zähneknirschen im schlaf,knirschen/funktion,,,720,,,,,keine CPC-Daten
wie lange nach weisheitszahn op nicht essen,lokal,,,720,,,,,keine CPC-Daten
im schlaf zähne knirschen,knirschen/funktion,,,720,,,,,keine CPC-Daten
invisalign doctor site login,aligner/invisalign,,,660,,,,,keine CPC-Daten
invisalign berlin,aligner/invisalign,590,,590,,,,,keine CPC-Daten
zähneknirschen schlafen,knirschen/funktion,,,590,0.09,,,0.09,
zahnärztliche zahnreinigung,prophylaxe,,,590,,,,,keine CPC-Daten
zahnzusatzversicherung invisalign,aligner/invisalign,590,,590,,,,,keine CPC-Daten
invisalign before and after,aligner/invisalign,590,1.8,390,1.75,,,1.77,
weisheitszahn entfernen kosten,kosten,,,590,,,,,keine CPC-Daten
retainer kieferorthopädie,retainer,590,,590,,,,,keine CPC-Daten
wie lang halten veneers,veneers,,,590,0.47,,,0.47,
zungenpressen,lokal,,,590,,,,,keine CPC-Daten
invisalign zahnzusatzversicherung,aligner/invisalign,590,,590,,,,,keine CPC-Daten
bleaching zähne hamburg,bleaching,590,1.13,590,1.4,,,1.26,
zahnreinigung danach essen,lokal,,,590,,,,,keine CPC-Daten
kosten beißschiene,knirschen/funktion,,,590,0.33,,,0.33,
aligner schiene,aligner/invisalign,590,,120,,,,,keine CPC-Daten
zahnreinigung zahnzusatzversicherung,prophylaxe,,,590,2.16,,,2.16,
schmerzen im kiefergelenk,knirschen/funktion,,,590,,,,,keine CPC-Daten
zähne bleaching hamburg,bleaching,590,1.13,590,1.4,,,1.26,
beißschiene kosten,knirschen/funktion,,,590,0.33,,,0.33,
bleaching zahnpasta,bleaching,590,0.52,590,0.45,,,0.48,
cmd-aufbissschiene,knirschen/funktion,,,590,,,,,keine CPC-Daten
was tun gegen zähneknirschen,knirschen/funktion,,,590,,,,,keine CPC-Daten
schmerz im kiefergelenk,knirschen/funktion,,,590,,,,,keine CPC-Daten
zahnbleaching köln,bleaching,590,0.94,590,0.76,,,0.85,
zahnarzt duisburg hamborn,lokal,,,590,,,,,keine CPC-Daten
zahnlücke füllen,auslöser,,,590,,,,,keine CPC-Daten
was macht weiße zähne,bleaching,,,590,0.36,,,0.36,
weisheitszähne entfernen kosten,kosten,,,590,,,,,keine CPC-Daten
knirscherschiene cmd,knirschen/funktion,,,590,0.33,,,0.33,
zahnpasta bleaching,bleaching,590,0.52,590,0.45,,,0.48,
bleach zahnpasta,bleaching,590,0.52,590,0.45,,,0.48,
zahnspange kosten rechner,kosten,,,590,,,,,keine CPC-Daten
zähneknirschen schlaf,knirschen/funktion,,,590,0.09,,,0.09,
zähneknirschen beim schlafen,knirschen/funktion,,,590,0.09,,,0.09,
zahnaufhellung zuhause,bleaching,590,0.55,590,0.7,,,0.62,
invisalign zahnspange,aligner/invisalign,590,,590,,,,,keine CPC-Daten
brücke kosten,kosten,,,590,0.72,,,0.72,
aufbissschiene cmd,knirschen/funktion,,,590,,,,,keine CPC-Daten
retainer kieferorthopäde,retainer,590,,590,,,,,keine CPC-Daten
bleaching-zahnpasta,bleaching,590,0.52,590,0.45,,,0.48,
köln zahnbleaching,bleaching,590,0.94,590,0.76,,,0.85,
was gegen zähneknirschen tun,knirschen/funktion,,,590,0.09,,,0.09,
wie lange halten veneers,veneers,,,590,,,,,keine CPC-Daten
schiefe zähne frau,auslöser,590,,590,,,,,keine CPC-Daten
schlafen zähneknirschen,knirschen/funktion,,,590,0.09,,,0.09,
kosten einer brücke,kosten,,,590,0.72,,,0.72,
before after invisalign,aligner/invisalign,590,1.8,390,1.75,,,1.77,
zahnpasta mit bleaching,bleaching,590,0.52,590,0.45,,,0.48,
kosten brücke,kosten,,,590,0.72,,,0.72,
zähne richten lassen,auslöser,590,1.21,590,1.2,,,1.21,
schlaf zähneknirschen,knirschen/funktion,,,590,0.09,,,0.09,
wann essen nach zahn ziehen,lokal,,,590,,,,,keine CPC-Daten
zähne aufhellen zuhause,bleaching,,,590,0.56,,,0.56,
zahn bleaching köln,bleaching,590,0.94,590,0.76,,,0.85,
hamburg zähne bleaching,bleaching,590,1.13,590,1.4,,,1.26,
entfernung weisheitszähne kosten,kosten,,,590,,,,,keine CPC-Daten
zahnreinigung ablauf,prophylaxe,,,590,,,,,keine CPC-Daten
ursache zähneknirschen,knirschen/funktion,,,540,,,,,keine CPC-Daten
was kostet eine zahnreinigung,prophylaxe,,,540,0.6,,,0.6,
bleichen zähne kosten,kosten,,,540,0.56,,,0.56,
zähneknirschen ursache,knirschen/funktion,,,540,,,,,keine CPC-Daten
bleaching zahnarzt,bleaching,540,0.82,260,0.72,,,0.77,
zaehne bleichen kosten,kosten,,,540,0.56,,,0.56,
kosten für zähne bleichen,kosten,,,540,0.56,,,0.56,
kosten zähne bleichen,kosten,,,540,0.56,,,0.56,
zähne bleichen kosten,kosten,,,540,0.56,,,0.56,
zahnlücken schließen,auslöser,,,500,0.87,,,0.87,
zähne knirschen im schlaf,knirschen/funktion,,,500,,,,,keine CPC-Daten
zahnlücke schließen,auslöser,,,500,0.87,,,0.87,
veneers kosten,kosten,,,500,,,,,keine CPC-Daten
im schlaf zähneknirschen,knirschen/funktion,,,500,,,,,keine CPC-Daten
zahnluecke schliessen,lokal,,,500,0.87,,,0.87,
zähne bleaching vorher nachher,bleaching,,,480,0.64,,,0.64,
wie kriegt man weiße zähne,bleaching,,,480,0.33,,,0.33,
unsichtbare zahnschiene,aligner/invisalign,480,,480,,,,,keine CPC-Daten
veneers ohne abschleifen,veneers,,,480,,,,,keine CPC-Daten
before after veneers,veneers,,,480,0.63,,,0.63,
before and after veneers,veneers,,,480,0.63,,,0.63,
wie viel kosten veneers,kosten,,,480,,,,,keine CPC-Daten
kosten kieferorthopäde,kosten,,,480,,,,,keine CPC-Daten
kieferorthopädie für erwachsene kosten,kosten,,,480,,,,,keine CPC-Daten
preise zahnreinigung,kosten,,,480,0.63,,,0.63,
kiefergelenk entzündung symptome,knirschen/funktion,,,480,0.13,,,0.13,
kiefer schief,auslöser,480,,480,,,,,keine CPC-Daten
zahnaufhellung beim zahnarzt,bleaching,480,,480,,,,,keine CPC-Daten
wie viel kostet bleaching beim zahnarzt,bleaching,480,0.71,480,0.55,,,0.63,
zähne verschieben sich druckgefühl,auslöser,,,480,0.59,,,0.59,
zahnlücke schließen vorher nachher,auslöser,,,480,,,,,keine CPC-Daten
dr. gregor düsseldorf,lokal,,,480,,,,,keine CPC-Daten
zahnreinigung in der schwangerschaft,prophylaxe,,,480,0.19,,,0.19,
veneers ohne schleifen,veneers,,,480,0.53,,,0.53,
veneer ohne abschleifen,veneers,,,480,,,,,keine CPC-Daten
backenzahn ziehen oberkiefer erfahrungen,erfahrung,,,480,,,,,keine CPC-Daten
bioniq zahncreme test,erfahrung,,,480,0.02,,,0.02,
zähne bleaching düsseldorf,lokal,480,1.04,390,1.14,,,1.09,
preis zahnreinigung,kosten,,,480,0.63,,,0.63,
kieferorthopäde kosten erwachsene,kosten,,,480,,,,,keine CPC-Daten
zähneknirschen abgewöhnen,knirschen/funktion,,,480,0.09,,,0.09,
fissurenversiegelung kosten,kosten,,,480,0.75,,,0.75,
leichter überbiss,auslöser,,,480,,,,,keine CPC-Daten
retainer-draht,retainer,480,0.61,480,0.59,,,0.6,
keramische veneers,veneers,,,480,,,,,keine CPC-Daten
ups preise paket international,kosten,,,480,0.16,,,0.16,
veneer münchen,veneers,,,480,2.85,,,2.85,
ups paket international preise,kosten,,,480,0.16,,,0.16,
preise für zahnreinigung,kosten,,,480,0.63,,,0.63,
zahnersatz kosten brücke,kosten,,,480,,,,,keine CPC-Daten
kieferorthopädie erwachsene kosten,kosten,,,480,,,,,keine CPC-Daten
zuhause zähne aufhellen,bleaching,480,0.53,590,0.56,,,0.55,
zahnzusatzversicherung für veneers,veneers,,,480,1.7,,,1.7,
veneer before and after,veneers,,,480,0.63,,,0.63,
kosten kunstofffüllung zahn,kosten,,,480,0.72,,,0.72,
zähne zuhause aufhellen,bleaching,480,0.53,590,0.56,,,0.55,
ups international paket preise,kosten,,,480,0.16,,,0.16,
zahnbleaching düsseldorf,lokal,480,0.69,480,1.0,,,0.84,
zähne knirschen folgen,knirschen/funktion,,,480,0.09,,,0.09,
kosten kieferorthopäde erwachsene,kosten,,,480,,,,,keine CPC-Daten
kleine zähne veneers vorher nachher,veneers,,,480,,,,,keine CPC-Daten
zahnlücke schneidezähne,auslöser,,,480,0.68,,,0.68,
co2 laser behandlung kosten,kosten,,,480,0.33,,,0.33,
zahnlücke schneidezahn,auslöser,,,480,0.68,,,0.68,
erfahrung veneers,erfahrung,,,480,,,,,keine CPC-Daten
was essen bei zahn op,lokal,,,480,,,,,keine CPC-Daten
kiefer ist schief,auslöser,480,,480,,,,,keine CPC-Daten
zähneknirschen folgen,knirschen/funktion,,,480,0.09,,,0.09,
erwachsenen kieferorthopädie kosten,kosten,,,480,1.12,,,1.12,
veneers zähne preise,kosten,,,480,,,,,keine CPC-Daten
veneers erfahrungen,erfahrung,,,480,,,,,keine CPC-Daten
veneers zähne preis,kosten,,,480,,,,,keine CPC-Daten
veneers vorher-nachher stars,veneers,,,480,,,,,keine CPC-Daten
keramik veneer,veneers,,,480,,,,,keine CPC-Daten
wie viel kostet veneers,veneers,,,480,0.57,,,0.57,
kiefergelenke entspannen,knirschen/funktion,,,480,0.14,,,0.14,
retainer draht,retainer,480,0.61,480,0.59,,,0.6,
schiefe zähne kinder,auslöser,480,,480,,,,,keine CPC-Daten
kieferorthopädie bei erwachsenen kosten,kosten,,,480,,,,,keine CPC-Daten
veneers before and after,veneers,,,480,0.63,,,0.63,
ups versand preis,kosten,,,480,0.12,,,0.12,
teeth veneers before and after,veneers,,,480,0.63,,,0.63,
veneer kosten krankenkasse,kosten,,,480,,,,,keine CPC-Daten
zahnextraktion essen,lokal,,,480,,,,,keine CPC-Daten
zahnzusatzversicherung veneers,veneers,,,480,1.7,,,1.7,
versicherung für zahnreinigung,prophylaxe,,,480,1.93,,,1.93,
veneers aus keramik,veneers,,,480,,,,,keine CPC-Daten
veneers erfahrung,erfahrung,,,480,,,,,keine CPC-Daten
erfahrungen veneers,erfahrung,,,480,,,,,keine CPC-Daten
veneers to-go,veneers,,,480,0.4,,,0.4,
unsichtbare zahnschienen,aligner/invisalign,480,,480,,,,,keine CPC-Daten
zahnschiene gegen verspannungen,aligner/invisalign,,,480,0.17,,,0.17,
zähne abschleifen erfahrungen,erfahrung,,,480,,,,,keine CPC-Daten
retainer oberkiefer,retainer,480,,480,,,,,keine CPC-Daten
zahnpasta mit fluorid testsieger,erfahrung,,,480,0.32,,,0.32,
zahnversicherung veneers,veneers,,,480,1.7,,,1.7,
zähne bleaching köln,bleaching,480,1.03,390,0.74,,,0.89,
veneers kosten krankenkasse,kosten,,,480,,,,,keine CPC-Daten
bleaching zähne düsseldorf,lokal,480,1.04,390,1.14,,,1.09,
kiefergelenkentzündung symptome,knirschen/funktion,,,480,,,,,keine CPC-Daten
zahnreinigung frankfurt,prophylaxe,,,480,2.21,,,2.21,
elektrische zahnbürste schall test,erfahrung,,,480,0.41,,,0.41,
dental veneer before and after,veneers,,,480,0.63,,,0.63,
zahnaufhellung zahnarzt,bleaching,480,,480,,,,,keine CPC-Daten
zahn-bleaching düsseldorf,lokal,480,0.69,480,1.0,,,0.84,
veneer to go,veneers,,,480,0.4,,,0.4,
wie viel kostet ein bleaching beim zahnarzt,bleaching,480,,480,,,,,keine CPC-Daten
ölziehen für weiße zähne,bleaching,,,480,0.09,,,0.09,
zahnspange draht,sonstiges,480,,480,,,,,keine CPC-Daten
test elektrische zahnbürsten schall,erfahrung,,,480,0.41,,,0.41,
zahnreinigung preis,kosten,,,480,0.63,,,0.63,
veneers to go,veneers,,,480,0.4,,,0.4,
veneers zahnzusatzversicherung,veneers,,,480,1.7,,,1.7,
ölziehen weiße zähne,bleaching,,,480,0.09,,,0.09,
zähne ohne veneers,veneers,,,480,,,,,keine CPC-Daten
zahnarzt zahnaufhellung,bleaching,480,,480,,,,,keine CPC-Daten
zahnbleaching berlin,bleaching,480,1.25,480,1.08,,,1.17,
zahn bleaching düsseldorf,lokal,480,0.69,480,1.0,,,0.84,
zähneknirschen was tun,knirschen/funktion,480,0.04,390,0.1,,,0.07,Quellen weichen ab
symptome kiefergelenkentzündung,knirschen/funktion,,,480,,,,,keine CPC-Daten
brücken zahnersatz kosten,kosten,,,480,,,,,keine CPC-Daten
veneer zähne preis,kosten,,,480,,,,,keine CPC-Daten
zahnpasta für weiße zähne,bleaching,,,440,0.49,,,0.49,
kiefergelenkentzündung,knirschen/funktion,,,440,,,,,keine CPC-Daten
invisaligns erfahrungen,erfahrung,440,0.75,920,1.17,,,0.96,
invisaligns,aligner/invisalign,410,1.55,540,1.25,,,1.4,
in office bleaching,bleaching,390,0.79,480,0.75,,,0.77,
claessen,lokal,,,390,,,,,keine CPC-Daten
aligners erfahrungen,erfahrung,,,390,0.75,,,0.75,
retainer draht gelöst kosten,retainer,390,,390,,,,,keine CPC-Daten
veneer on wood,veneers,,,390,0.13,,,0.13,
retainern,retainer,390,0.86,330,0.84,,,0.85,
warum knirscht man mit den zähnen,knirschen/funktion,,,390,0.02,,,0.02,
backpulver weiße zähne,bleaching,,,390,0.33,,,0.33,
weiße zähne backpulver,bleaching,,,390,0.33,,,0.33,
stuttgart bleaching,bleaching,390,0.72,590,0.75,,,0.73,
brücken zahnarzt kosten,kosten,,,390,0.82,,,0.82,
zahnreinigung selber machen,prophylaxe,,,390,0.25,,,0.25,
what is veneers teeth,veneers,,,390,,,,,keine CPC-Daten
draht nach zahnspange,sonstiges,390,,390,,,,,keine CPC-Daten
zähne mit natron putzen erfahrung,erfahrung,,,390,,,,,keine CPC-Daten
zahnbleaching in der nähe,bleaching,390,0.73,320,0.64,,,0.69,
ist professionelle zahnreinigung sinnvoll,prophylaxe,,,390,,,,,keine CPC-Daten
wieder weiße zähne bekommen,bleaching,,,390,0.41,,,0.41,
entzündung kiefergelenk einseitig,knirschen/funktion,,,390,0.15,,,0.15,
miley cyrus teeth veneers,veneers,,,390,,,,,keine CPC-Daten
home bleaching zähne,bleaching,,,390,0.64,,,0.64,
weiße zähne bekommen hausmittel,bleaching,,,390,0.32,,,0.32,
veneers miley cyrus,veneers,,,390,,,,,keine CPC-Daten
zahn bleaching hamburg,bleaching,390,1.3,480,1.17,,,1.23,
home-bleaching zahnarzt,bleaching,,,390,0.64,,,0.64,
versandkostentabelle dhl,kosten,,,390,0.03,,,0.03,
durchsichtige zahnspange kosten,kosten,390,,390,,,,,keine CPC-Daten
invisalign schlechte erfahrungen,erfahrung,390,,390,,,,,keine CPC-Daten
kosten durchsichtige zahnspange,kosten,390,,390,,,,,keine CPC-Daten
erfahrungen mit veneers,erfahrung,,,390,0.43,,,0.43,
aligner zahnarzt,aligner/invisalign,390,1.19,320,,,,1.19,
zähne bleichen düsseldorf,lokal,,,390,1.14,,,1.14,
aligner zähne,aligner/invisalign,390,1.19,320,1.18,,,1.19,
zahn bleaching zahnarzt,bleaching,390,0.91,590,0.65,,,0.78,
knirscherschiene krankenkasse,knirschen/funktion,,,390,1.46,,,1.46,
what are veneers teeth,veneers,,,390,,,,,keine CPC-Daten
steinstrasse düsseldorf,lokal,,,390,,,,,keine CPC-Daten
veneer kosten deutschland,kosten,,,390,0.47,,,0.47,
wie bekomme ich meine zähne weißer,sonstiges,390,0.62,390,0.39,,,0.51,
wie bekomme ich meine zähne weiß,sonstiges,390,0.62,390,0.39,,,0.51,
was macht die zähne weißer,sonstiges,390,0.63,590,0.36,,,0.49,
zahn-bleaching zahnarzt,bleaching,390,0.91,590,0.65,,,0.78,
schiefe zähne schlimm,auslöser,390,,390,,,,,keine CPC-Daten
veneers zum aufstecken,veneers,,,390,,,,,keine CPC-Daten
home-bleaching zähne,bleaching,,,390,0.64,,,0.64,
zahnschienen vorher-nachher,aligner/invisalign,390,,390,,,,,keine CPC-Daten
zahnschiene gerade zähne,aligner/invisalign,390,,390,,,,,keine CPC-Daten
veneer erfahrung,erfahrung,,,390,0.43,,,0.43,
dr smile düsseldorf,lokal,,,390,,,,,keine CPC-Daten
bleaching zähne münchen,bleaching,390,1.5,480,1.27,,,1.39,
cmd kiefergelenk,knirschen/funktion,390,,,,,,,keine CPC-Daten
veneer hardwood,veneers,,,390,0.13,,,0.13,
kosten veneers deutschland,kosten,,,390,,,,,keine CPC-Daten
home bleaching vom zahnarzt,bleaching,,,390,0.64,,,0.64,
selber zähne bleachen,bleaching,390,0.46,590,0.39,,,0.43,
chewies invisalign,aligner/invisalign,390,0.09,320,0.22,,,0.15,Quellen weichen ab
zahnschiene für gerade zähne,aligner/invisalign,390,,390,,,,,keine CPC-Daten
was macht zähne weißer,sonstiges,390,0.63,590,0.36,,,0.49,
kiefergelenk cmd,knirschen/funktion,,,390,,,,,keine CPC-Daten
knirschschiene krankenkasse,knirschen/funktion,,,390,1.46,,,1.46,
lingualretainer,retainer,390,1.11,390,0.69,,,0.9,
was macht zähne weiß,sonstiges,390,0.63,590,0.36,,,0.49,
zähne verschieben sich symptome,auslöser,,,390,,,,,keine CPC-Daten
schiefe zähne selber richten,auslöser,390,,390,,,,,keine CPC-Daten
bleaching bonn,bleaching,390,1.28,590,1.03,,,1.16,
aligner vorher-nachher,aligner/invisalign,,,390,,,,,keine CPC-Daten
konzept weiss duisburg,lokal,,,390,0.12,,,0.12,
kieferknacken beim essen,lokal,,,390,0.08,,,0.08,
veneers kosten pro zahn,kosten,,,390,,,,,keine CPC-Daten
überbiss kinder,auslöser,,,390,,,,,keine CPC-Daten
zahnreinigung selbst gemacht,prophylaxe,,,390,0.25,,,0.25,
erfahrung mit veneers,erfahrung,,,390,0.43,,,0.43,
backenzahn ziehen erfahrungen,erfahrung,,,390,,,,,keine CPC-Daten
zähneknirschen symptome nerven,knirschen/funktion,,,390,0.13,,,0.13,
zähne bleaching selber,bleaching,390,0.46,590,0.39,,,0.43,
test ultraschallzahnbürsten stiftung warentest,erfahrung,,,390,0.3,,,0.3,
bonding zahn kosten,kosten,,,390,,,,,keine CPC-Daten
kosten zahnprophylaxe,kosten,,,390,0.72,,,0.72,
beiße mir ständig in die wange beim essen,lokal,,,390,,,,,keine CPC-Daten
hollywood smile kosten,kosten,,,390,,,,,keine CPC-Daten
vor oder nach dem essen zähne putzen,lokal,,,390,0.09,,,0.09,
zahnbleaching beim zahnarzt,bleaching,390,0.91,590,0.65,,,0.78,
was macht die zähne weiß,sonstiges,390,0.63,590,0.36,,,0.49,
weiße zähne machen lassen,bleaching,,,390,0.7,,,0.7,
miley cyrus veneers,veneers,,,390,,,,,keine CPC-Daten
digitaler zahnabdruck in meiner nähe,lokal,,,390,0.39,,,0.39,
bonding zähne kosten,kosten,,,390,,,,,keine CPC-Daten
lumineers kosten,kosten,,,390,,,,,keine CPC-Daten
invisalign chewies,aligner/invisalign,390,0.09,320,0.22,,,0.15,Quellen weichen ab
kosten veneers pro zahn,kosten,,,390,,,,,keine CPC-Daten
bleaching stuttgart,bleaching,390,0.72,590,0.75,,,0.73,
durchsichtige zähne vitamin d,aligner/invisalign,,,390,,,,,keine CPC-Daten
veneer in wood,veneers,,,390,0.13,,,0.13,
zahnaufheller,bleaching,390,0.7,590,0.55,,,0.62,
mouth retainer,retainer,390,1.45,210,0.96,,,1.21,
zahnbleaching zahnarzt,bleaching,390,0.91,590,0.65,,,0.78,
zahn aufheller,bleaching,390,0.7,590,0.55,,,0.62,
warum knirscht man mit den zähnen nachts,knirschen/funktion,,,390,,,,,keine CPC-Daten
was tun bei zähneknirschen,knirschen/funktion,,,390,0.1,,,0.1,
zahnbleaching hamburg,bleaching,390,1.3,480,1.17,,,1.23,
weisheitszahn ziehen kosten aok,kosten,,,390,,,,,keine CPC-Daten
ultraschallzahnbürste test stiftung warentest,erfahrung,,,390,0.3,,,0.3,
stiftung warentest zahnpasta test,erfahrung,,,390,0.09,,,0.09,
zahn bleaching frankfurt,bleaching,390,1.33,480,0.9,,,1.11,
backpulver für weiße zähne,bleaching,,,390,0.33,,,0.33,
weiße zähne mit backpulver,bleaching,,,390,0.33,,,0.33,
home bleaching zahnarzt,bleaching,,,390,0.64,,,0.64,
wie viel kostet ein zahnbleaching,bleaching,390,0.67,590,0.57,,,0.62,
zahnarzt zahnbleaching,bleaching,390,0.91,590,0.65,,,0.78,
drähte nach zahnspange,sonstiges,390,,390,,,,,keine CPC-Daten
retainer teeth,retainer,390,1.45,170,1.2,,,1.32,
wood for veneer,veneers,,,390,0.13,,,0.13,
zahn bonding kosten,kosten,,,390,,,,,keine CPC-Daten
wood veneer,veneers,,,390,0.13,,,0.13,
brücken zahn kosten,kosten,,,390,0.82,,,0.82,
veneers alternativen,veneers,,,390,,,,,keine CPC-Daten
bleaching in stuttgart,bleaching,390,0.72,590,0.75,,,0.73,
mondent düsseldorf,lokal,,,390,0.45,,,0.45,
wood on wood veneer,veneers,,,390,0.13,,,0.13,
veneers deutschland kosten,kosten,,,390,,,,,keine CPC-Daten
retainer draht gelöst,retainer,390,1.94,390,,,,1.94,
lingual retainer,retainer,390,1.11,390,0.69,,,0.9,
wie viel kostet zahnbleaching,bleaching,390,0.67,590,0.57,,,0.62,
zahnschienen gerade zähne,aligner/invisalign,390,1.52,390,,,,1.52,
apollonia praxisklinik zahnarzt düsseldorf rostocker straße düsseldorf,lokal,,,390,,,,,keine CPC-Daten
veneers kosten deutschland,kosten,,,390,,,,,keine CPC-Daten
test zahnpasta stiftung warentest,erfahrung,,,390,0.09,,,0.09,
schnuller zähne schief,auslöser,390,,480,,,,,keine CPC-Daten
zähne bleaching münchen,bleaching,390,1.5,480,1.27,,,1.39,
zähne richten,auslöser,390,1.38,90,1.12,,,1.25,
zahnbleaching frankfurt,bleaching,390,1.33,480,0.9,,,1.11,
veneer kosten pro zahn,kosten,,,390,,,,,keine CPC-Daten
zähne knirschen beim schlafen,knirschen/funktion,,,360,,,,,keine CPC-Daten
nach zahn ziehen essen,lokal,,,330,,,,,keine CPC-Daten
essen nach zahn op,lokal,,,330,,,,,keine CPC-Daten
essen nach zahn-op,lokal,,,330,,,,,keine CPC-Daten
essen nach zahn ziehen,lokal,,,330,,,,,keine CPC-Daten
nach zahnziehen essen,lokal,,,330,,,,,keine CPC-Daten
zahnpasta die zähne weiß macht,sonstiges,320,0.56,260,0.44,,,0.5,
zahnschiene reinigen ultraschall,aligner/invisalign,,,320,0.37,,,0.37,
vorher nachher veneers,veneers,,,320,,,,,keine CPC-Daten
versand ups kosten,kosten,,,320,0.14,,,0.14,
invisalign retainers,retainer,320,0.85,390,1.2,,,1.02,
retainer zahnseide,retainer,320,0.09,260,0.19,,,0.14,Quellen weichen ab
wie viel kostet zähne bleaching,bleaching,320,0.68,590,0.57,,,0.62,
schmerzen beim bleaching,bleaching,320,,320,,,,,keine CPC-Daten
kosten linguale zahnspange,kosten,,,320,,,,,keine CPC-Daten
veneers wie teuer,veneers,,,320,0.49,,,0.49,
kreuzbiss schiefes gesicht,auslöser,,,320,0.71,,,0.71,
invisalign near me,aligner/invisalign,320,,320,,,,,keine CPC-Daten
prep veneers,veneers,,,320,,,,,keine CPC-Daten
teeth whitening bleach,bleaching,320,0.92,390,0.8,,,0.86,
kiefer-op kosten,kosten,,,320,,,,,keine CPC-Daten
münchen zahnbleaching,bleaching,320,1.25,390,1.2,,,1.23,
clear aligner,aligner/invisalign,320,,30,,,,,keine CPC-Daten
emax veneers,veneers,,,320,0.52,,,0.52,
herausnehmbarer retainer,retainer,320,1.08,390,0.78,,,0.93,
invisalign retainer,retainer,320,0.85,390,1.2,,,1.02,
retainer nach zahnspange,retainer,320,,320,,,,,keine CPC-Daten
transparent zahnspange,sonstiges,320,,320,,,,,keine CPC-Daten
define veneer,veneers,,,320,,,,,keine CPC-Daten
wie viel kostet ein bleaching,bleaching,320,0.69,590,0.55,,,0.62,
beste zahncreme für weiße zähne,bleaching,,,320,0.45,,,0.45,
ultraschall zahnbürste test stiftung warentest,erfahrung,,,320,0.27,,,0.27,
professionelle zahnreinigung wie teuer,prophylaxe,,,320,0.63,,,0.63,
veneers oder kronen,veneers,,,320,,,,,keine CPC-Daten
kieferorthopädie essen rüttenscheid,lokal,,,320,,,,,keine CPC-Daten
wie viel kosten zahnspangen für erwachsene,kosten,,,320,1.02,,,1.02,
zähne aufhellen mit backpulver,bleaching,,,320,0.29,,,0.29,
überbiss zahnspange,auslöser,,,320,,,,,keine CPC-Daten
wie lange nichts essen nach zahn ziehen,lokal,,,320,,,,,keine CPC-Daten
veneers oder krone,veneers,,,320,,,,,keine CPC-Daten
wie viel kostet bleaching,bleaching,320,0.69,590,0.55,,,0.62,
bleaching set,bleaching,320,0.81,390,0.68,,,0.75,
frontzähne veneers vorher nachher,veneers,,,320,,,,,keine CPC-Daten
home-bleaching kosten,kosten,,,320,0.66,,,0.66,
kosten professionelle zahnreinigung tk,kosten,,,320,0.45,,,0.45,
zahn bleaching stuttgart,bleaching,320,0.87,390,0.73,,,0.8,
kopfschmerzen vom zähneknirschen,knirschen/funktion,,,320,,,,,keine CPC-Daten
wie viel kostet es sich die zähne zu bleaching,bleaching,320,0.68,590,0.57,,,0.62,
zähne aufhellen backpulver,bleaching,,,320,0.29,,,0.29,
aligners chewies,aligner/invisalign,,,320,0.22,,,0.22,
zahnbleaching münchen,bleaching,320,1.25,390,1.2,,,1.23,
kosten für feste zahnspange bei erwachsenen,kosten,,,320,,,,,keine CPC-Daten
beste zahncreme weiße zähne,bleaching,,,320,0.45,,,0.45,
versandkosten ups,kosten,,,320,0.14,,,0.14,
wie viel kostet es sich die zähne zu bleachen,bleaching,320,0.68,590,0.57,,,0.62,
teeth bleaching,bleaching,320,0.92,390,0.8,,,0.86,
veneer alternative,veneers,,,320,0.33,,,0.33,
kiefergelenksentzündung,knirschen/funktion,,,320,0.14,,,0.14,
linguale zahnspange kosten,kosten,,,320,,,,,keine CPC-Daten
invisalign hannover,aligner/invisalign,320,,320,,,,,keine CPC-Daten
retainer invisalign,retainer,320,0.85,390,1.2,,,1.02,
münchen veneers,veneers,,,320,,,,,keine CPC-Daten
zähne abschleifen für brücke erfahrungen,erfahrung,,,320,,,,,keine CPC-Daten
zahnpasta zähne weiß macht,sonstiges,320,0.56,260,0.44,,,0.5,
invisalign luft zwischen schiene und zahn,aligner/invisalign,320,,320,,,,,keine CPC-Daten
zähne verschieben sich mit 50 jahren,auslöser,,,320,0.63,,,0.63,
kosten zahnhalsfüllung,kosten,,,320,,,,,keine CPC-Daten
invisaligne erfahrungen,erfahrung,,,320,1.2,,,1.2,
veneer präparieren,veneers,,,320,0.54,,,0.54,
veneers was ist das,veneers,,,320,,,,,keine CPC-Daten
aufbissschiene unterkiefer,knirschen/funktion,,,320,,,,,keine CPC-Daten
stiftung warentest zahncremes,erfahrung,,,320,0.06,,,0.06,
schnelle weiße zähne,bleaching,,,320,0.43,,,0.43,
bleaching sets,bleaching,320,0.81,390,0.68,,,0.75,
wie viel kostet bleaching zähne,bleaching,320,0.68,590,0.57,,,0.62,
retainer zahnstein,retainer,320,,480,,,,,keine CPC-Daten
schmerzen im kiefergelenk beim kauen,knirschen/funktion,,,320,,,,,keine CPC-Daten
invisalign hildesheim,aligner/invisalign,320,2.14,170,1.93,,,2.04,
retention zahn,retainer,320,,320,,,,,keine CPC-Daten
veneer meaning,veneers,,,320,,,,,keine CPC-Daten
porcelain veneers for teeth,veneers,,,320,,,,,keine CPC-Daten
zahnspange lingual kosten,kosten,,,320,0.86,,,0.86,
tooth veneers,veneers,,,320,,,,,keine CPC-Daten
linguale zahnspangen kosten,kosten,,,320,,,,,keine CPC-Daten
interne bleaching,bleaching,320,0.93,390,0.83,,,0.88,
bleaching nürnberg,bleaching,320,0.9,320,0.54,,,0.72,
zahnspangen preise,kosten,,,320,,,,,keine CPC-Daten
tipps für weiße zähne,bleaching,,,320,0.34,,,0.34,
invisible zahnspangen,sonstiges,320,,320,,,,,keine CPC-Daten
schmerzen beim kauen im kiefergelenk,knirschen/funktion,,,320,,,,,keine CPC-Daten
invisibles zahnspange,sonstiges,320,,320,,,,,keine CPC-Daten
zahnspange hinter den zähnen,sonstiges,320,,320,,,,,keine CPC-Daten
invisalign behandlungsablauf,aligner/invisalign,320,,320,,,,,keine CPC-Daten
chewies aligner,aligner/invisalign,,,320,0.22,,,0.22,
transparente zahnspange,sonstiges,320,,320,,,,,keine CPC-Daten
zähne bleachen stuttgart,bleaching,320,0.75,390,0.71,,,0.73,
natürlich weiße zähne,bleaching,,,320,0.38,,,0.38,
chiropraktik preise,kosten,,,320,0.33,,,0.33,
veneer emax,veneers,,,320,0.52,,,0.52,
lingual zahnspange kosten,kosten,,,320,,,,,keine CPC-Daten
weiße zähne natürlich,bleaching,,,320,0.38,,,0.38,
stuttgart zähne bleaching,bleaching,320,0.75,390,0.71,,,0.73,
bleaching schiene zahnarzt,bleaching,,,320,0.63,,,0.63,
veneer prep,veneers,,,320,0.54,,,0.54,
zahnspange preis,kosten,,,320,,,,,keine CPC-Daten
zahnbleaching stuttgart,bleaching,320,0.87,390,0.73,,,0.8,
schmerzen kiefergelenk kauen,knirschen/funktion,,,320,0.14,,,0.14,
invisalign behandlungsdauer,aligner/invisalign,320,,320,,,,,keine CPC-Daten
schiefe zähne erwachsene,auslöser,320,,320,,,,,keine CPC-Daten
bleaching düsseldorf,lokal,320,1.02,320,0.91,,,0.97,
kosten kiefer op,kosten,,,320,0.51,,,0.51,
zahnspange transparent,sonstiges,320,,320,,,,,keine CPC-Daten
retainer entfernen kosten,retainer,320,1.34,480,0.53,,,0.94,Quellen weichen ab
zähne bleaching stuttgart,bleaching,320,0.75,390,0.71,,,0.73,
what is a veneer tooth,veneers,,,320,0.45,,,0.45,
zahnpasta die zähne weißer macht,sonstiges,320,0.56,260,0.44,,,0.5,
ups preise international,kosten,,,320,0.17,,,0.17,
zahnschmerzen durch knirschen,knirschen/funktion,,,320,0.09,,,0.09,
veneer präparationsregeln,veneers,,,320,0.54,,,0.54,
abgebrochener schneidezahn kosten,kosten,,,320,,,,,keine CPC-Daten
veneers vorher-nachher schiefe zähne,auslöser,,,320,,,,,keine CPC-Daten
invisalign behandlung,aligner/invisalign,320,,320,,,,,keine CPC-Daten
lose zahnspange überbiss,auslöser,,,320,,,,,keine CPC-Daten
kosten feste zahnspange erwachsener,kosten,,,320,1.12,,,1.12,
unsichtbare zahnspange kosten,kosten,,,320,,,,,keine CPC-Daten
zahnaufhellung frankfurt,bleaching,320,0.86,390,0.59,,,0.72,
kieferorthopäde essen rüttenscheid,lokal,,,320,,,,,keine CPC-Daten
zahnschiene vorher nachher,aligner/invisalign,,,320,1.17,,,1.17,
alignern,aligner/invisalign,320,1.35,210,1.23,,,1.29,
schiefe zähne erwachsener,auslöser,320,,320,,,,,keine CPC-Daten
what are veneers,veneers,,,320,0.45,,,0.45,
ups international preise,kosten,,,320,0.17,,,0.17,
bleaching in meiner nähe,lokal,320,,210,0.81,,,0.81,
vivera retainer,retainer,,,320,0.77,,,0.77,
zähne lumineers kosten,kosten,,,320,,,,,keine CPC-Daten
weiße zähne schnell,bleaching,,,320,0.43,,,0.43,
aligner-schiene nachteile,aligner/invisalign,320,,320,,,,,keine CPC-Daten
zahnhalsfüllungen kosten,kosten,,,320,0.6,,,0.6,
zahnhalsfüllung kosten,kosten,,,320,,,,,keine CPC-Daten
überbiss kind,auslöser,,,320,,,,,keine CPC-Daten
kosten unsichtbare zahnspange,kosten,,,320,,,,,keine CPC-Daten
invisalign münchen,aligner/invisalign,320,,320,,,,,keine CPC-Daten
tipps weiße zähne,bleaching,,,320,0.34,,,0.34,
teeth veneers,veneers,,,320,,,,,keine CPC-Daten
kronen oder veneers,veneers,,,320,,,,,keine CPC-Daten
weiße zähne tipps,bleaching,,,320,0.34,,,0.34,
edelweiss zahnarzt dortmund,lokal,,,320,0.3,,,0.3,
zähneputzen vor oder nach dem essen,lokal,,,320,0.09,,,0.09,
wie teuer ist eine professionelle zahnreinigung,prophylaxe,,,320,0.63,,,0.63,
zahn gezogen wann wieder normal essen,lokal,,,320,,,,,keine CPC-Daten
düsseldorf bleaching,lokal,320,1.02,320,0.91,,,0.97,
zahnspange unsichtbare,aligner/invisalign,,,320,1.34,,,1.34,
invisible zahnspange,sonstiges,320,,320,,,,,keine CPC-Daten
clear alignern,aligner/invisalign,320,1.3,70,1.16,,,1.23,
veneers alternative,veneers,,,320,0.33,,,0.33,
zahnspange unsichtbar kosten,kosten,320,,320,,,,,keine CPC-Daten
kiefergelenk schmerzt beim kauen,knirschen/funktion,,,320,0.14,,,0.14,
zahnschiene reinigung ultraschall,aligner/invisalign,,,320,0.37,,,0.37,
transparente zahnspangen,sonstiges,320,,320,,,,,keine CPC-Daten
zahnpasta die die zähne weißer macht,sonstiges,320,0.56,260,0.44,,,0.5,
zahnschiene vorher-nachher,aligner/invisalign,,,320,1.17,,,1.17,
bleaching zähne stuttgart,bleaching,320,0.75,390,0.71,,,0.73,
fläsh bleaching kosten,kosten,320,0.54,260,0.39,,,0.47,
kopfschmerzen zähneknirschen,knirschen/funktion,,,320,,,,,keine CPC-Daten
veneers münchen,veneers,,,320,,,,,keine CPC-Daten
zahnärztin dortmund aplerbeck,lokal,,,320,0.34,,,0.34,
dr smile retainer,retainer,,,320,,,,,keine CPC-Daten
bleaching beim zahnarzt,bleaching,290,0.82,180,0.72,,,0.77,
kosten zahnreinigung,kosten,,,290,0.79,,,0.79,
zahnlücken füllen,auslöser,,,290,0.76,,,0.76,
schienen zähne,sonstiges,270,1.3,220,1.15,,,1.23,
retainer kosten,retainer,270,0.87,360,0.72,,,0.79,
zahnlücke schließen komposit,auslöser,,,260,,,,,keine CPC-Daten
zähne schleifen kosten,kosten,,,260,,,,,keine CPC-Daten
zahnspangen unsichtbar kosten,kosten,260,1.04,390,1.0,,,1.02,
veneers haltbarkeit,veneers,,,260,,,,,keine CPC-Daten
kiefergelenk geschwollen,knirschen/funktion,,,260,0.09,,,0.09,
invisalign cost,aligner/invisalign,260,,260,,,,,keine CPC-Daten
kieferorthopädische schiene,sonstiges,260,,260,,,,,keine CPC-Daten
durchsichtige schienen,aligner/invisalign,260,,260,,,,,keine CPC-Daten
zähne verschieben sich,auslöser,260,0.57,480,0.63,2.56,200,0.6,"DataForSEO-CPC deutlich hoeher, Auktionspreis unklar"
durchsichtige schiene,aligner/invisalign,260,,260,,,,,keine CPC-Daten
zahnaufhellung berlin,bleaching,260,1.08,320,0.93,,,1.01,
veneers hamburg,veneers,,,260,1.46,,,1.46,
welche zahnpasta für weiße zähne,bleaching,,,260,0.44,,,0.44,
zahnfleischentzündung nach zahnreinigung,prophylaxe,,,260,,,,,keine CPC-Daten
aufbissschiene zahnarzt,knirschen/funktion,,,260,,,,,keine CPC-Daten
celebrity veneers,veneers,,,260,,,,,keine CPC-Daten
invisalign reinigungsprodukte,aligner/invisalign,,,260,0.52,,,0.52,
invisalign dauer,aligner/invisalign,260,,260,,,,,keine CPC-Daten
zähne aufhellen wasserstoffperoxid,bleaching,260,0.52,320,0.32,,,0.42,
professionelles zahn bleaching,bleaching,260,0.82,260,0.78,,,0.8,
dr smile zahnschiene,aligner/invisalign,,,260,,,,,keine CPC-Daten
zahnkorrektur mit schienen,sonstiges,260,,260,,,,,keine CPC-Daten
retainer wie lange tragen,retainer,260,,390,,,,,keine CPC-Daten
veneers abschleifen,veneers,,,260,,,,,keine CPC-Daten
kosten für unsichtbare zahnspange,kosten,260,1.04,320,,,,1.04,
kieferorthopädie am südring düsseldorf,lokal,,,260,,,,,keine CPC-Daten
lumineers vs veneers,veneers,,,260,,,,,keine CPC-Daten
veneers celebrities,veneers,,,260,,,,,keine CPC-Daten
schlechte erfahrungen veneers,erfahrung,,,260,0.69,,,0.69,
zähne begradigen,auslöser,260,1.51,480,1.06,,,1.29,
preis invisalign,kosten,260,,260,,,,,keine CPC-Daten
zahnpasta die weiße zähne macht,bleaching,,,260,0.44,,,0.44,
zähne selber aufhellen,bleaching,,,260,0.43,,,0.43,
was kostet zahnbleaching beim zahnarzt,bleaching,260,0.54,210,0.48,,,0.51,
schienen zur zahnkorrektur,sonstiges,260,,260,,,,,keine CPC-Daten
aligner behandlung,aligner/invisalign,260,,260,,,,,keine CPC-Daten
veneers bei schiefen zähnen,auslöser,,,260,,,,,keine CPC-Daten
kosten aligner schienen,kosten,260,,260,,,,,keine CPC-Daten
erfahrungen ölziehen,erfahrung,,,260,,,,,keine CPC-Daten
überbiss bei erwachsenen,auslöser,,,260,,,,,keine CPC-Daten
geschwollenes kiefergelenk,knirschen/funktion,,,260,0.09,,,0.09,
entzündung im kiefergelenk symptome,knirschen/funktion,,,260,,,,,keine CPC-Daten
zahnaufbau kosten,kosten,,,260,,,,,keine CPC-Daten
celebrities veneers,veneers,,,260,,,,,keine CPC-Daten
retainer reinigung,retainer,,,260,0.41,,,0.41,
kosten zahnaufhellung beim zahnarzt,kosten,260,,260,,,,,keine CPC-Daten
brücke auf implantat kosten,kosten,,,260,,,,,keine CPC-Daten
implantat oder brücke kosten,kosten,,,260,,,,,keine CPC-Daten
veneers zahnarzt,veneers,,,260,,,,,keine CPC-Daten
veneers celebs,veneers,,,260,,,,,keine CPC-Daten
was sind veneers zähne,veneers,,,260,,,,,keine CPC-Daten
ölziehen erfahrungen,erfahrung,,,260,,,,,keine CPC-Daten
veneers preise,kosten,,,260,,,,,keine CPC-Daten
zahnaufhellung professionell,bleaching,260,0.71,320,0.76,,,0.73,
weisheitszähne ziehen kosten aok,kosten,,,260,0.74,,,0.74,
erwachsene überbiss vorher nachher,auslöser,,,260,0.63,,,0.63,
welches zahnpasta macht die zähne weiß,sonstiges,260,0.53,210,0.41,,,0.47,
professionelle zahn bleaching,bleaching,260,0.82,260,0.78,,,0.8,
schienen kieferorthopädie,sonstiges,260,,260,,,,,keine CPC-Daten
überbiss erwachsene,auslöser,,,260,0.92,,,0.92,
retainer reinigen,retainer,,,260,0.41,,,0.41,
komposit veneers vorher-nachher,veneers,,,260,,,,,keine CPC-Daten
veneers preis,kosten,,,260,,,,,keine CPC-Daten
vip invisalign,aligner/invisalign,260,,390,0.68,,,0.68,
zähne selbst aufhellen,bleaching,,,260,0.43,,,0.43,
zahnaufhellung kosten zahnarzt,kosten,260,0.6,260,,,,0.6,
wie lange nach zahn ziehen nichts essen,lokal,,,260,,,,,keine CPC-Daten
bleaching zähne dm,bleaching,260,0.03,320,0.04,,,0.04,
was ist bleaching,bleaching,260,0.55,390,0.51,,,0.53,
porcelain veneers,veneers,,,260,,,,,keine CPC-Daten
invisalign reinigung,aligner/invisalign,,,260,0.52,,,0.52,
veneer preis,kosten,,,260,0.54,,,0.54,
zähne weiß machen zahnarzt,sonstiges,260,,260,,,,,keine CPC-Daten
zähne bleaching preis,kosten,260,0.68,180,0.57,,,0.62,
veneers berlin kosten,kosten,,,260,,,,,keine CPC-Daten
zähne bleaching zu hause,bleaching,,,260,0.51,,,0.51,
ölziehen erfahrung,erfahrung,,,260,,,,,keine CPC-Daten
wie teuer sind veneers,veneers,,,260,,,,,keine CPC-Daten
was kostet ein veneers,veneers,,,260,,,,,keine CPC-Daten
natron weiße zähne,bleaching,,,260,0.33,,,0.33,
aligner-schiene kosten,kosten,260,,260,,,,,keine CPC-Daten
invisalign kosten aok,kosten,260,,260,,,,,keine CPC-Daten
celebrities with veneers,veneers,,,260,,,,,keine CPC-Daten
invisalign reinigen,aligner/invisalign,,,260,,,,,keine CPC-Daten
zähne bleaching zuhause,bleaching,,,260,0.44,,,0.44,
kieferorthopäde schiene,sonstiges,260,,260,,,,,keine CPC-Daten
zahnaufhellung zahnarzt kosten,kosten,260,,260,,,,,keine CPC-Daten
retainer gesundheitliche auswirkungen,retainer,260,0.26,320,,,,0.26,
lockere zahnspange kosten,kosten,,,260,,,,,keine CPC-Daten
aligner schienen kosten,kosten,260,,260,,,,,keine CPC-Daten
lückenschluss zahn,auslöser,,,260,0.82,,,0.82,
professionelle zahnbleaching,bleaching,260,0.82,260,0.78,,,0.8,
composite bonding kosten,kosten,,,260,,,,,keine CPC-Daten
istanbul veneers,veneers,,,260,1.89,,,1.89,
zähne weißer machen beim zahnarzt,sonstiges,260,,260,,,,,keine CPC-Daten
kosten zahnspange innen,kosten,,,260,,,,,keine CPC-Daten
dentistry veneers,veneers,,,260,0.64,,,0.64,
zahnarztpraxis jesko gärtner bochum,lokal,,,260,,,,,keine CPC-Daten
weiße zähne dm,bleaching,,,260,0.04,,,0.04,
mundspülung für weiße zähne,bleaching,,,260,0.43,,,0.43,
kosten zahnaufhellung zahnarzt,kosten,260,,260,,,,,keine CPC-Daten
kieferorthopäde retainer,retainer,260,,260,,,,,keine CPC-Daten
zahnbleaching gerät,bleaching,260,0.31,260,0.25,,,0.28,
weiße diät nach bleaching wie lange,bleaching,260,,390,,,,,keine CPC-Daten
bleaching zähne zuhause,bleaching,,,260,0.51,,,0.51,
haltbarkeit veneers,veneers,,,260,,,,,keine CPC-Daten
teeth veneers vs lumineers,veneers,,,260,,,,,keine CPC-Daten
erfahrung mit ölziehen,erfahrung,,,260,,,,,keine CPC-Daten
kosten für lumineers,kosten,,,260,0.53,,,0.53,
zahnschienen zur korrektur erfahrungen,erfahrung,260,,260,,,,,keine CPC-Daten
invisalign hamburg,aligner/invisalign,260,,260,,,,,keine CPC-Daten
zahnspange durchsichtige brackets,aligner/invisalign,260,,260,,,,,keine CPC-Daten
wie viel kostet invisalign,aligner/invisalign,260,,260,,,,,keine CPC-Daten
was kostet veneers,veneers,,,260,,,,,keine CPC-Daten
invisalign reinigungstabletten,aligner/invisalign,,,260,,,,,keine CPC-Daten
taylor swift veneers,veneers,,,260,,,,,keine CPC-Daten
zähne weiß machen beim zahnarzt,sonstiges,260,,260,,,,,keine CPC-Daten
veneers turkey istanbul,veneers,,,260,1.89,,,1.89,
durchsichtige zähne reparieren,aligner/invisalign,,,260,0.66,,,0.66,
überbiss erwachsen,auslöser,,,260,0.92,,,0.92,
veneers istanbul,veneers,,,260,1.89,,,1.89,
unsichtbare zahnspangen kosten,kosten,260,1.04,320,,,,1.04,
kosten zahnspange von innen,kosten,,,260,,,,,keine CPC-Daten
dr weiß dortmund,lokal,,,260,,,,,keine CPC-Daten
bleaching hildesheim,bleaching,260,0.54,210,0.57,,,0.55,
non-prep veneers nachteile,veneers,,,260,,,,,keine CPC-Daten
nachteile invisalign,aligner/invisalign,260,,260,,,,,keine CPC-Daten
invisalign nachteile,aligner/invisalign,260,,260,,,,,keine CPC-Daten
veneer istanbul,veneers,,,260,1.89,,,1.89,
zahnspange brackets durchsichtig,sonstiges,260,,260,,,,,keine CPC-Daten
festsitzender retainer,retainer,260,1.92,110,,,,1.92,
veneers vs lumineers,veneers,,,260,,,,,keine CPC-Daten
dental veneers,veneers,,,260,,,,,keine CPC-Daten
zahnarzt veneers,veneers,,,260,,,,,keine CPC-Daten
natron für weiße zähne,bleaching,,,260,0.33,,,0.33,
zähne verschieben sich mit 60,auslöser,260,,260,,,,,keine CPC-Daten
veneers celebrity,veneers,,,260,,,,,keine CPC-Daten
zahnaufhellung beim zahnarzt kosten,kosten,260,,260,,,,,keine CPC-Daten
aufbissschienen,knirschen/funktion,,,260,0.39,,,0.39,
weiße zähne natron,bleaching,,,260,0.33,,,0.33,
zähne abschleifen kosten,kosten,,,260,,,,,keine CPC-Daten
brücke implantat kosten,kosten,,,260,,,,,keine CPC-Daten
dental veneer,veneers,,,260,0.64,,,0.64,
was essen nach zahnextraktion,lokal,,,260,,,,,keine CPC-Daten
kieferorthopädie retainer,retainer,260,,260,,,,,keine CPC-Daten
schnarchschiene kosten,schnarchen,260,0.38,,,,,0.38,
erfahrungen mit ölziehen,erfahrung,,,260,,,,,keine CPC-Daten
welche zahnpasta weiße zähne,bleaching,,,260,0.44,,,0.44,
wie viel kosten invisalign,kosten,260,,260,,,,,keine CPC-Daten
zahnaufhellung kosten beim zahnarzt,kosten,260,,260,,,,,keine CPC-Daten
invisalign preis,kosten,260,,260,,,,,keine CPC-Daten
kosten lockere zahnspange,kosten,,,260,,,,,keine CPC-Daten
entzündung kiefergelenk symptome,knirschen/funktion,,,260,,,,,keine CPC-Daten
veneers schiefe zähne,auslöser,,,260,,,,,keine CPC-Daten
bissfest dortmund,lokal,,,260,0.39,,,0.39,
dental bonding kosten,kosten,,,260,,,,,keine CPC-Daten
haltbarkeit von veneers,veneers,,,260,0.46,,,0.46,
professionelles zahnbleaching,bleaching,260,0.82,260,0.78,,,0.8,
dr stahl diessen,lokal,,,260,0.5,,,0.5,
zahnspange von innen kosten,kosten,,,260,,,,,keine CPC-Daten
was kostet ein veneer,veneers,,,260,0.41,,,0.41,
veneers für schiefe zähne,auslöser,,,260,,,,,keine CPC-Daten
wie lange retainer tragen,retainer,260,,390,,,,,keine CPC-Daten
veneers kosten berlin,kosten,,,260,,,,,keine CPC-Daten
veneer haltbarkeit,veneers,,,260,,,,,keine CPC-Daten
invisalign nürnberg,aligner/invisalign,260,,260,,,,,keine CPC-Daten
chewy for invisalign,aligner/invisalign,260,,260,,,,,keine CPC-Daten
zahnarzt zahnaufhellung kosten,kosten,260,,260,,,,,keine CPC-Daten
mundspülung weiße zähne,bleaching,,,260,0.43,,,0.43,
madonna zahnlücke,auslöser,,,260,,,,,keine CPC-Daten
was tun bei kiefergelenkschmerzen,knirschen/funktion,,,260,,,,,keine CPC-Daten
professionelle zahnaufhellung,bleaching,260,0.71,320,0.76,,,0.73,
kiefergelenk entzündet symptome,knirschen/funktion,,,260,,,,,keine CPC-Daten
schiene kieferorthopädie,sonstiges,260,,260,,,,,keine CPC-Daten
schmerzen nach bleaching,bleaching,,,260,,,,,keine CPC-Daten
dr. stahl diessen,lokal,,,260,0.5,,,0.5,
invisalign reddit,aligner/invisalign,260,,390,,,,,keine CPC-Daten
zahnspange innen kosten,kosten,,,260,,,,,keine CPC-Daten
veneers deutschland,veneers,,,260,,,,,keine CPC-Daten
zähne bleaching preise,kosten,260,0.68,720,0.57,,,0.62,
zahnschiene reinigen,aligner/invisalign,,,250,0.5,,,0.5,
zahnschiene reinigung,aligner/invisalign,,,250,0.5,,,0.5,
reinigung zahnschiene,aligner/invisalign,,,250,0.5,,,0.5,
zahnschienen reinigen,aligner/invisalign,,,250,0.5,,,0.5,
knirscht mit den zähnen,knirschen/funktion,,,240,0.13,,,0.13,
schiene cmd,knirschen/funktion,,,240,,,,,keine CPC-Daten
kiefergelenk schmerzt,knirschen/funktion,,,240,0.09,,,0.09,
kiefergelenke schmerzen,knirschen/funktion,,,240,0.09,,,0.09,
invisaligns kosten,kosten,,,220,,,,,keine CPC-Daten
zahnkorrektur erwachsene kosten,kosten,,,210,,,,,keine CPC-Daten
weiße zähne bekommen schnell,bleaching,,,210,0.37,,,0.37,
zahnarzt dortmund körne,lokal,,,210,,,,,keine CPC-Daten
zahnarzt zähne aufhellen kosten,kosten,210,,210,,,,,keine CPC-Daten
frankfurt zähne bleaching,bleaching,210,0.89,170,0.84,,,0.86,
zahn ziehen essen,lokal,,,210,,,,,keine CPC-Daten
zahnbleaching dortmund,lokal,210,0.62,170,0.65,,,0.64,
überbiss bei erwachsenen korrigieren,auslöser,,,210,,,,,keine CPC-Daten
fester retainer,retainer,210,,170,1.08,,,1.08,
schiene nach zahnspange,sonstiges,210,,210,,,,,keine CPC-Daten
retention zähne,retainer,210,,260,,,,,keine CPC-Daten
schnell weiße zähne bekommen,bleaching,,,210,0.37,,,0.37,
kiefergelenk verspannungen,knirschen/funktion,,,210,0.14,,,0.14,
schienen zahnkorrektur,sonstiges,210,1.35,260,1.53,,,1.44,
zungenpressen symptome,lokal,,,210,,,,,keine CPC-Daten
zahnpasta zum aufhellen der zähne,bleaching,210,0.51,260,0.51,,,0.51,
kosten zahnbehandlung,kosten,,,210,,,,,keine CPC-Daten
veneers düsseldorf,lokal,,,210,,,,,keine CPC-Daten
invisalign zähne,aligner/invisalign,210,,210,,,,,keine CPC-Daten
zahnschienen reiniger,aligner/invisalign,,,210,0.45,,,0.45,
stiftung warentest ultraschallzahnbürsten,erfahrung,,,210,0.35,,,0.35,
zungenpressen abgewöhnen,lokal,,,210,,,,,keine CPC-Daten
bleaching powder,bleaching,210,0.16,260,0.15,,,0.15,
bleaching zähne frankfurt,bleaching,210,0.89,170,0.84,,,0.86,
wie lange nach zahnreinigung kein kaffee,prophylaxe,,,210,,,,,keine CPC-Daten
schiefe zähne überkronen vorher nachher,auslöser,210,0.67,210,0.52,,,0.59,
behandlung überbiss,auslöser,,,210,0.93,,,0.93,
zähne mit backpulver putzen erfahrung,erfahrung,,,210,,,,,keine CPC-Daten
unsichtbare zahnspange für erwachsene,aligner/invisalign,,,210,,,,,keine CPC-Daten
wie teuer bleaching,bleaching,210,0.57,260,0.54,,,0.55,
veneer woods,veneers,,,210,,,,,keine CPC-Daten
smilestore essen,lokal,,,210,0.95,,,0.95,
retainer material,retainer,210,0.94,260,,,,0.94,
weiße zähne beim zahnarzt,bleaching,,,210,,,,,keine CPC-Daten
sensodyne test,erfahrung,,,210,,,,,keine CPC-Daten
überbiss korrigieren erwachsene,auslöser,,,210,,,,,keine CPC-Daten
zähne bleaching hannover,bleaching,210,0.72,210,0.75,,,0.73,
veneer woodworking,veneers,,,210,,,,,keine CPC-Daten
draht zahnarzt,sonstiges,210,,210,,,,,keine CPC-Daten
clear aligners invisalign,aligner/invisalign,210,1.08,170,1.34,,,1.21,
bleaching wie teuer,bleaching,210,0.57,260,0.54,,,0.55,
zähne aufhellen beim zahnarzt kosten,kosten,210,,210,,,,,keine CPC-Daten
dr smile bewertungen,erfahrung,,,210,,,,,keine CPC-Daten
zähne bleaching nürnberg,bleaching,210,0.77,170,0.63,,,0.7,
schienen nach zahnspange,sonstiges,210,,210,,,,,keine CPC-Daten
zahn aligner,aligner/invisalign,210,,210,,,,,keine CPC-Daten
aligners for invisalign,aligner/invisalign,210,1.08,170,1.34,,,1.21,
zähne aufhellen zahnarzt kosten,kosten,210,,210,,,,,keine CPC-Daten
schneller weiße zähne bekommen,bleaching,,,210,0.37,,,0.37,
veneers vs lumineers teeth,veneers,,,210,0.59,,,0.59,
keramik veneer kosten,kosten,,,210,,,,,keine CPC-Daten
aligners invisalign,aligner/invisalign,210,1.08,170,1.34,,,1.21,
veneer vs lumineer,veneers,,,210,0.59,,,0.59,
wie teuer ist ein bleaching,bleaching,210,0.57,260,0.54,,,0.55,
zahnspange erwachsene kostenübernahme,kosten,,,210,,,,,keine CPC-Daten
zähne begradigen erwachsene,auslöser,210,1.37,90,1.06,,,1.22,
retainer-schiene kosten,retainer,210,,210,,,,,keine CPC-Daten
überbiss korrigieren ohne zahnspange,auslöser,,,210,,,,,keine CPC-Daten
invisalign zahnfleischrückgang,aligner/invisalign,210,,210,,,,,keine CPC-Daten
veneers köln,veneers,,,210,1.26,,,1.26,
düsseldorf veneers,lokal,,,210,,,,,keine CPC-Daten
essen nach zahnextraktion,lokal,,,210,,,,,keine CPC-Daten
invisalign preise,kosten,210,1.06,320,1.0,,,1.03,
zahnaufhellung münchen,bleaching,210,1.5,260,1.06,,,1.28,
wie teuer ist bleaching,bleaching,210,0.57,260,0.54,,,0.55,
schneidezähne veneers,veneers,,,210,,,,,keine CPC-Daten
kieferorthopäde zahnschiene,aligner/invisalign,210,,210,,,,,keine CPC-Daten
durchsichtiger zahnschmelz,aligner/invisalign,,,210,,,,,keine CPC-Daten
kosmetische zahnbleaching,bleaching,210,0.72,320,0.58,,,0.65,
veneers zähne,veneers,,,210,,,,,keine CPC-Daten
zähne aufhellen zahnpasta,bleaching,210,0.51,260,0.51,,,0.51,
zahnarzt preise,kosten,,,210,,,,,keine CPC-Daten
dr fricke dortmund,lokal,,,210,0.37,,,0.37,
dr schumann essen,lokal,,,210,0.64,,,0.64,
invisalign preisvergleich,kosten,210,1.06,320,1.0,,,1.03,
wie lange nach dem zähneputzen nichts essen,lokal,,,210,0.1,,,0.1,
lumineers vs veneer,veneers,,,210,0.59,,,0.59,
welche zahnpasta macht weiße zähne,bleaching,,,210,0.41,,,0.41,
veneer wood,veneers,,,210,,,,,keine CPC-Daten
invisaligns cost,aligner/invisalign,210,1.15,260,0.95,,,1.05,
bleaching zähne zu hause,bleaching,210,0.63,260,0.51,,,0.57,
innen zahnspange kosten,kosten,,,210,,,,,keine CPC-Daten
teeth bleaching berlin,bleaching,210,1.36,260,1.23,,,1.29,
überbiss zähne,auslöser,,,210,,,,,keine CPC-Daten
invisalign vorher/nachher überbiss,aligner/invisalign,210,,210,,,,,keine CPC-Daten
test zahnseide,erfahrung,,,210,0.09,,,0.09,
whitening zahnpasta testsieger,erfahrung,,,210,0.17,,,0.17,
dr höschel düsseldorf,lokal,,,210,0.54,,,0.54,
zahnreinigung leipzig,prophylaxe,,,210,0.77,,,0.77,
verschieben sich zähne im alter,auslöser,,,210,0.58,,,0.58,
zahn bleaching dortmund,lokal,210,0.62,170,0.65,,,0.64,
zähne invisalign,aligner/invisalign,210,,210,,,,,keine CPC-Daten
nach invisalign behandlung nicht zufrieden,aligner/invisalign,210,,210,,,,,keine CPC-Daten
align zahnschiene,aligner/invisalign,210,1.1,170,1.08,,,1.09,
testsieger whitening zahnpasta,erfahrung,,,210,0.17,,,0.17,
engstand zähne,auslöser,,,210,,,,,keine CPC-Daten
zahnziehen essen,lokal,,,210,,,,,keine CPC-Daten
kosmetisches zahnbleaching,bleaching,210,0.72,320,0.58,,,0.65,
überbiss behandlung,auslöser,,,210,0.93,,,0.93,
stiftung warentest ultraschall zahnbürsten,erfahrung,,,210,0.35,,,0.35,
retainer zähne kosten,retainer,210,1.11,210,0.73,,,0.92,
zähne überbiss,auslöser,,,210,,,,,keine CPC-Daten
retainer kleben kosten,retainer,210,,210,,,,,keine CPC-Daten
wann sind veneers medizinisch notwendig,veneers,,,210,0.76,,,0.76,
drsmile retainer,retainer,,,210,1.06,,,1.06,
weiße zähne zahnarzt,bleaching,,,210,,,,,keine CPC-Daten
weisheitszahn verschiebt zähne,auslöser,,,210,,,,,keine CPC-Daten
veneers schleifen,veneers,,,210,1.07,,,1.07,
ultraschallzahnbürste stiftung warentest,erfahrung,,,210,0.35,,,0.35,
zahnhälse auffüllen kosten,kosten,,,210,,,,,keine CPC-Daten
retainer gebrochen,retainer,210,1.38,320,,,,1.38,
retainer alternative,retainer,210,0.54,390,0.75,,,0.65,
retainer kleben,retainer,210,0.58,260,,,,0.58,
weisheitszahn op vollnarkose kosten,kosten,,,210,,,,,keine CPC-Daten
zähne bleaching für zuhause,bleaching,210,0.63,260,0.51,,,0.57,
invisalign zahnärzte,aligner/invisalign,210,,210,,,,,keine CPC-Daten
zahnbehandlung kosten,kosten,,,210,,,,,keine CPC-Daten
weiße zähne schnell bekommen,bleaching,,,210,0.37,,,0.37,
clear aligner invisalign,aligner/invisalign,210,1.08,170,,,,1.08,
dr. schneider mülheim,lokal,,,210,,,,,keine CPC-Daten
stiftung warentest ultraschallzahnbürste,erfahrung,,,210,0.35,,,0.35,
was kostet ein retainer,retainer,210,0.58,210,0.66,,,0.62,
zahnpasta warentest,erfahrung,,,210,0.09,,,0.09,
invisalign erfahrungen forum,erfahrung,210,,210,,,,,keine CPC-Daten
perlweiss dental bleaching,bleaching,210,0.06,320,0.17,,,0.12,Quellen weichen ab
brackets zahnspange kosten,kosten,,,210,,,,,keine CPC-Daten
zahnarztkosten,kosten,,,210,0.92,,,0.92,
non-prep veneers vorher-nachher,veneers,,,210,,,,,keine CPC-Daten
aufbissschiene selber machen,knirschen/funktion,,,210,0.16,,,0.16,
zahnfleischbehandlung kosten,kosten,,,210,,,,,keine CPC-Daten
zahnarzt preis,kosten,,,210,,,,,keine CPC-Daten
veneers schneidezähne,veneers,,,210,,,,,keine CPC-Daten
kostenübernahme zahnspange erwachsene,kosten,,,210,,,,,keine CPC-Daten
zahnspange invisalign,aligner/invisalign,210,1.67,170,,,,1.67,
zahnschiene kieferorthopädie,aligner/invisalign,210,,210,,,,,keine CPC-Daten
paketpreis nach polen,kosten,,,210,0.06,,,0.06,
bleaching zuhause,bleaching,,,210,0.81,,,0.81,
bleaching in der nähe,bleaching,210,0.75,170,0.76,,,0.76,
invisalign gummi,aligner/invisalign,210,,210,,,,,keine CPC-Daten
veneers oder lumineers,veneers,,,210,0.59,,,0.59,
material retainer,retainer,210,0.94,260,,,,0.94,
zahnpasta zähne aufhellen,bleaching,210,0.51,260,0.51,,,0.51,
was ist veneers,veneers,,,210,0.25,,,0.25,
kosten bleaching,kosten,210,0.65,320,0.53,,,0.59,
zähne bleaching frankfurt,bleaching,210,0.89,170,0.84,,,0.86,
invisalign vorher-nachher überbiss,aligner/invisalign,210,,210,,,,,keine CPC-Daten
kosten für zahnbehandlung,kosten,,,210,,,,,keine CPC-Daten
invisalign zahnarzt,aligner/invisalign,210,1.45,210,,,,1.45,
starker überbiss,auslöser,,,210,0.88,,,0.88,
zähne bleachen lassen,bleaching,210,0.79,320,0.76,,,0.78,
durchsichtige zahnspange preis,kosten,210,,210,,,,,keine CPC-Daten
preise beim zahnarzt,kosten,,,210,,,,,keine CPC-Daten
was ist invisalign,aligner/invisalign,210,1.29,210,1.11,,,1.2,
zahnaufhellung düsseldorf,lokal,210,0.93,210,0.94,,,0.94,
zahnspangen invisalign,aligner/invisalign,210,,210,,,,,keine CPC-Daten
nach fester zahnspange durchsichtige schiene wie lange,aligner/invisalign,210,,210,,,,,keine CPC-Daten
zahnschiene kieferorthopäde,aligner/invisalign,210,,210,,,,,keine CPC-Daten
veneers schneidezahn,veneers,,,210,,,,,keine CPC-Daten
zahnlücken,auslöser,,,190,0.91,,,0.91,
zähne bleach,bleaching,190,0.8,110,0.83,,,0.81,
alignerschiene,aligner/invisalign,190,1.11,120,1.07,,,1.09,
zähne bleache,bleaching,190,0.8,110,0.83,,,0.81,
unsichtbare zahnspange,aligner/invisalign,,,190,,,,,keine CPC-Daten
doctors site invisalign,aligner/invisalign,,,180,,,,,keine CPC-Daten
zähne bleichen dortmund,lokal,,,170,0.65,,,0.65,
kosten zähne bleaching,kosten,170,0.59,540,0.56,,,0.57,
laminate veneers,veneers,,,170,0.57,,,0.57,
zahnaufhellung natürlich,bleaching,170,0.5,260,0.37,,,0.43,
bleaching kosten krankenkasse,kosten,170,0.63,590,0.8,,,0.72,
veneers kaufen,veneers,,,170,0.43,,,0.43,
professionelles bleaching,bleaching,170,0.8,170,0.76,,,0.78,
wie bekommt man weiße zähne hausmittel,bleaching,,,170,0.3,,,0.3,
invisalign was ist das,aligner/invisalign,170,,170,,,,,keine CPC-Daten
kosten innenliegende zahnspange,kosten,,,170,,,,,keine CPC-Daten
zahnaufhellung köln,bleaching,170,0.93,170,0.84,,,0.89,
was kostet eine zahnschiene,aligner/invisalign,170,,170,,,,,keine CPC-Daten
zahn bleaching hannover,bleaching,170,0.71,210,0.7,,,0.7,
aligner schiene erfahrungen,erfahrung,170,1.03,140,,,,1.03,
zahnaufhellung hamburg,bleaching,170,0.86,210,1.0,,,0.93,
zähne beim zahnarzt aufhellen kosten,kosten,170,0.61,210,,,,0.61,
zahnbleaching hannover,bleaching,170,0.71,210,0.7,,,0.7,
zahnbleaching essen,lokal,170,0.69,210,1.0,,,0.84,
snap on veneers,veneers,,,170,0.3,,,0.3,
retainer zähne nachteile,retainer,170,,170,,,,,keine CPC-Daten
wie schnell verschieben sich zähne,auslöser,,,170,,,,,keine CPC-Daten
lose zahnspange kosten über 18,kosten,,,170,,,,,keine CPC-Daten
ultraschall zahnsteinentferner test,erfahrung,,,170,0.15,,,0.15,
kosten paket 15 kg,kosten,,,170,0.07,,,0.07,
lose zahnspange erwachsene kosten,kosten,,,170,,,,,keine CPC-Daten
schwellung kiefergelenk,knirschen/funktion,,,170,0.09,,,0.09,
zahn veneers zum aufstecken,veneers,,,170,0.26,,,0.26,
invisalign alternative,aligner/invisalign,170,1.35,210,1.09,,,1.22,
veneer cost,veneers,,,170,0.59,,,0.59,
retainer-arten,retainer,170,,170,0.63,,,0.63,
test elektrische zahnbürste ultraschall,erfahrung,,,170,0.39,,,0.39,
dünne durchsichtige zähne,aligner/invisalign,,,170,0.52,,,0.52,
invisalign überbiss,aligner/invisalign,170,,170,,,,,keine CPC-Daten
invisalign wie viele schienen habt ihr,aligner/invisalign,170,,170,,,,,keine CPC-Daten
handzahnbürsten test,erfahrung,,,170,0.09,,,0.09,
preise bleaching,kosten,170,0.71,260,0.59,,,0.65,
kiefergelenksbehandlung,knirschen/funktion,,,170,,,,,keine CPC-Daten
retentionsplatte,retainer,170,,210,,,,,keine CPC-Daten
invisalign alternativen,aligner/invisalign,170,,170,,,,,keine CPC-Daten
clear aligner kosten,kosten,170,,170,,,,,keine CPC-Daten
reinigungslösung zahnschiene,aligner/invisalign,,,170,0.33,,,0.33,
alternative for invisalign,aligner/invisalign,170,,170,,,,,keine CPC-Daten
lose zahnspange für erwachsene kosten,kosten,,,170,,,,,keine CPC-Daten
bleaching zähne kosten,kosten,170,0.59,540,0.56,,,0.57,
invisalign schmerzen,aligner/invisalign,,,170,,,,,keine CPC-Daten
natürlich zahnaufhellung,bleaching,170,0.5,260,0.37,,,0.43,
wann wieder brot essen nach zahn ziehen,lokal,,,170,,,,,keine CPC-Daten
zahnspange innen draht,sonstiges,170,,170,,,,,keine CPC-Daten
zähne aufhellen ohne schaden,bleaching,,,170,0.51,,,0.51,
zähne bleaching dortmund,lokal,170,0.6,170,0.65,,,0.62,
spange durchsichtig,sonstiges,170,,170,,,,,keine CPC-Daten
bleaching für zuhause,bleaching,170,0.81,210,0.81,,,0.81,
veneers türkei erfahrungen,erfahrung,,,170,,,,,keine CPC-Daten
was kostet invisalign,aligner/invisalign,170,,170,,,,,keine CPC-Daten
veneers process,veneers,,,170,,,,,keine CPC-Daten
zahnschienen korrektur,aligner/invisalign,170,,170,,,,,keine CPC-Daten
zähne bleaching bremen,bleaching,170,0.54,210,0.61,,,0.57,
zahnspange draht innen,sonstiges,170,,170,,,,,keine CPC-Daten
was sind retainer,retainer,170,,170,,,,,keine CPC-Daten
weisheitszahn kosten,kosten,,,170,,,,,keine CPC-Daten
was kostet eine zahnaufhellung,bleaching,170,0.59,210,,,,0.59,
wie bekommt man wieder weiße zähne,bleaching,,,170,0.37,,,0.37,
veneers zahnersatz,veneers,,,170,,,,,keine CPC-Daten
weisheitszähne kosten,kosten,,,170,,,,,keine CPC-Daten
handzahnbürste test,erfahrung,,,170,0.09,,,0.09,
kosten für zähne bleachen,kosten,170,0.59,540,0.56,,,0.57,
strahlend weiße zähne,bleaching,,,170,0.58,,,0.58,
retentionsgeräte,retainer,170,,260,,,,,keine CPC-Daten
zahnschiene zur korrektur,aligner/invisalign,170,,170,,,,,keine CPC-Daten
vorher-nachher veneers kosten,kosten,,,170,,,,,keine CPC-Daten
kiefergelenk schwellung,knirschen/funktion,,,170,0.09,,,0.09,
durchsichtige spange,aligner/invisalign,170,,170,,,,,keine CPC-Daten
vor dem essen zähne putzen,lokal,,,170,0.09,,,0.09,
dental veneers turkey,veneers,,,170,,,,,keine CPC-Daten
drsmile kosten,kosten,,,170,,,,,keine CPC-Daten
kosten für lose zahnspange bei erwachsenen,kosten,,,170,,,,,keine CPC-Daten
linguale zahnspange erfahrungen,erfahrung,,,170,,,,,keine CPC-Daten
elektrische zahnbürste test ultraschall,erfahrung,,,170,0.39,,,0.39,
bleaching mannheim,bleaching,170,1.11,170,0.65,,,0.88,
zähne richten lassen op kosten,kosten,170,,170,,,,,keine CPC-Daten
alignertherapie,aligner/invisalign,,,170,1.04,,,1.04,
bleaching gerät,bleaching,170,0.49,170,0.14,,,0.32,Quellen weichen ab
bleaching preis,kosten,170,0.71,260,0.59,,,0.65,
invisalign düsseldorf,lokal,170,,170,,,,,keine CPC-Daten
zahnweiß,sonstiges,170,0.87,110,0.61,,,0.74,
bester zahnaufheller,bleaching,170,0.69,170,0.37,,,0.53,
retainer unterkiefer,retainer,170,,170,,,,,keine CPC-Daten
überbiss invisalign,aligner/invisalign,170,,170,,,,,keine CPC-Daten
wie viel kostet ein retainer,retainer,170,0.58,210,0.68,,,0.63,
retainer löst sich,retainer,170,,260,,,,,keine CPC-Daten
retainer cleaner,retainer,,,170,0.18,,,0.18,
zahn bleaching leipzig,bleaching,170,0.59,170,0.57,,,0.58,
natürlicher zahnaufheller,bleaching,170,0.5,260,0.37,,,0.43,
laminat veneers,veneers,,,170,0.57,,,0.57,
selber zähne aufhellen,bleaching,170,0.44,260,0.43,,,0.43,
zähne abschleifen veneers,veneers,,,170,,,,,keine CPC-Daten
zahnpasta zur zahnaufhellung,bleaching,170,0.51,210,0.51,,,0.51,
pommes rot-weiss dortmund,lokal,,,170,,,,,keine CPC-Daten
reinigung knirscherschiene,knirschen/funktion,,,170,0.37,,,0.37,
kiefergelenkentzündung ohrenschmerzen,knirschen/funktion,,,170,0.14,,,0.14,
weisheitszähne vollnarkose erfahrung,erfahrung,,,170,,,,,keine CPC-Daten
kosten clear aligner,kosten,170,,170,,,,,keine CPC-Daten
kosten schiene zähne,kosten,170,,170,,,,,keine CPC-Daten
korrektur überbiss,auslöser,,,170,,,,,keine CPC-Daten
die beste zahnpasta für weiße zähne,bleaching,,,170,0.43,,,0.43,
zahnschienen erwachsene,aligner/invisalign,170,1.2,140,1.49,,,1.34,
dr niegel bochum,lokal,,,170,0.45,,,0.45,
lose zahnspange kosten erwachsene,kosten,,,170,,,,,keine CPC-Daten
invisalign speichel unter der schiene,aligner/invisalign,170,,170,,,,,keine CPC-Daten
invisalign in meiner nähe,lokal,170,,140,,,,,keine CPC-Daten
zähne bleaching kosten,kosten,170,0.59,540,0.56,,,0.57,
schiefe zähne überkronen,auslöser,170,,170,,,,,keine CPC-Daten
innenliegende zahnspange kosten,kosten,,,170,,,,,keine CPC-Daten
retainer cleaning,retainer,,,170,0.18,,,0.18,
zaehne bleaching kosten,kosten,170,0.59,540,0.56,,,0.57,
weisheitszahn op essen wann,lokal,,,170,,,,,keine CPC-Daten
invisalign go,aligner/invisalign,170,1.68,170,2.08,,,1.88,
die besten zahnpasten für weiße zähne,bleaching,,,170,0.43,,,0.43,
zahnpasta testsieger ökotest,erfahrung,,,170,0.39,,,0.39,
zahnschienen zur korrektur,aligner/invisalign,170,,170,,,,,keine CPC-Daten
preise für bleaching,kosten,170,0.71,260,0.59,,,0.65,
retainer arten,retainer,170,,170,0.63,,,0.63,
natürliche zahnaufheller,bleaching,170,0.5,260,0.37,,,0.43,
kieferorthopäden duisburg,lokal,,,170,,,,,keine CPC-Daten
zahnaufhellung zahnpasta,bleaching,170,0.51,210,0.51,,,0.51,
zähne aufhellen selber,bleaching,170,0.44,260,0.43,,,0.43,
elektrische zahnbürste ultraschall test,erfahrung,,,170,0.39,,,0.39,
essen bleaching,lokal,170,0.57,260,0.65,,,0.61,
backenzahn gezogen was essen,lokal,,,170,,,,,keine CPC-Daten
zahnschiene korrektur,aligner/invisalign,170,,170,,,,,keine CPC-Daten
schiene zähne kosten,kosten,170,,170,,,,,keine CPC-Daten
kosten weisheitszähne,kosten,,,170,,,,,keine CPC-Daten
invisalign frankfurt,aligner/invisalign,170,,170,,,,,keine CPC-Daten
schwellung am kiefergelenk,knirschen/funktion,,,170,0.09,,,0.09,
was kostet zahnaufhellung,bleaching,170,0.59,210,0.48,,,0.53,
bleaching essen,lokal,170,0.57,260,0.65,,,0.61,
muss man retainer für immer tragen,retainer,170,,110,,,,,keine CPC-Daten
zahnbleaching leipzig,bleaching,170,0.59,170,0.57,,,0.58,
lingual zahnspange erfahrungen,erfahrung,,,170,,,,,keine CPC-Daten
überbiss selbst korrigieren,auslöser,,,170,,,,,keine CPC-Daten
preis bleaching,kosten,170,0.71,260,0.59,,,0.65,
veneers zahnlücke,auslöser,,,170,,,,,keine CPC-Daten
aufbissschiene reinigen hausmittel,knirschen/funktion,,,170,,,,,keine CPC-Daten
fläsh zahnaufhellung kosten,kosten,170,0.46,260,0.39,,,0.43,
zähne gezogen was essen,lokal,,,170,,,,,keine CPC-Daten
zahnaufhellung stuttgart,bleaching,170,0.58,210,0.46,,,0.52,
beste zahnaufheller,bleaching,170,0.69,170,0.37,,,0.53,
zähne bleaching in der nähe,bleaching,170,0.81,210,0.63,,,0.72,
beste zahnaufhellung,bleaching,170,0.69,170,0.37,,,0.53,
gerade zähne ohne zahnspange,sonstiges,170,,170,,,,,keine CPC-Daten
veneers türkei erfahrung,erfahrung,,,170,,,,,keine CPC-Daten
zahnersatz veneers,veneers,,,170,,,,,keine CPC-Daten
mit den zähnen knirschen,knirschen/funktion,,,170,,,,,keine CPC-Daten
zahnarzt reinigung kosten,kosten,,,170,,,,,keine CPC-Daten
invisalign aligner,aligner/invisalign,170,,170,,,,,keine CPC-Daten
veneers zum aufstecken erfahrungen,erfahrung,,,170,0.14,,,0.14,
zähne aufhellen kosten zahnarzt,kosten,170,0.61,210,,,,0.61,
elektrische zahnbürste mit ultraschall test,erfahrung,,,170,0.39,,,0.39,
aligner zahnschiene,aligner/invisalign,170,,170,,,,,keine CPC-Daten
bleaching dortmund,lokal,170,0.55,210,0.61,,,0.58,
bleaching preise,kosten,170,0.71,260,0.59,,,0.65,
zahnschiene reinigen hausmittel,aligner/invisalign,,,170,,,,,keine CPC-Daten
drsmile zahnschiene,aligner/invisalign,,,170,1.79,,,1.79,
zahnbleaching in meiner nähe,lokal,170,0.66,110,0.6,,,0.63,
zahnspange lose erwachsene kosten,kosten,,,170,,,,,keine CPC-Daten
engstand der zähne,auslöser,,,170,1.02,,,1.02,
überbiss korrektur,auslöser,,,170,,,,,keine CPC-Daten
laminated veneer,veneers,,,170,0.57,,,0.57,
zungenpressen psyche,lokal,,,170,,,,,keine CPC-Daten
kiefergelenkentzündung hausmittel,knirschen/funktion,,,170,,,,,keine CPC-Daten
mundduschen im vergleich,erfahrung,,,170,0.45,,,0.45,
ohne zahnspange gerade zähne,sonstiges,170,,170,,,,,keine CPC-Daten
zahn bleaching berlin,bleaching,170,1.32,210,1.35,,,1.33,
doc zahnärzte dortmund,lokal,,,170,0.41,,,0.41,
schmerzen kiefergelenk ohr einseitig,knirschen/funktion,,,160,0.13,,,0.13,
zahnspange durchsichtig,sonstiges,160,,480,,,,,keine CPC-Daten
weiße zähne bekommen,bleaching,,,160,0.45,,,0.45,
zahnpasta testsieger,erfahrung,,,150,0.24,,,0.24,
testsieger zahnpasta,erfahrung,,,150,0.24,,,0.24,
wie teuer ist bleaching der zähne,bleaching,140,0.63,260,0.57,,,0.6,
zahnaufhellung in der nähe,bleaching,140,0.79,170,0.65,,,0.72,
veneers ab welchem alter,veneers,,,140,0.53,,,0.53,
zahnaufheller im test,erfahrung,140,0.35,210,0.31,,,0.33,
clip veneers,veneers,,,140,0.47,,,0.47,
zahnschmerzen nach bleaching,bleaching,140,,260,,,,,keine CPC-Daten
invisalign zahnspange kosten,kosten,140,,140,,,,,keine CPC-Daten
bleaching leipzig,bleaching,140,0.59,170,0.57,,,0.58,
zahnlücke mit veneers schließen,auslöser,,,140,,,,,keine CPC-Daten
schmerzen bleaching,bleaching,140,,260,,,,,keine CPC-Daten
zahn bleaching nürnberg,bleaching,140,0.91,170,0.55,,,0.73,
wie teuer ist ein zahnbleaching,bleaching,140,0.54,210,0.58,,,0.56,
unsichtbare zahnspange preis,kosten,,,140,,,,,keine CPC-Daten
hundezahnbürste testsieger,erfahrung,,,140,0.14,,,0.14,
konzept weiss düsseldorf,lokal,,,140,0.9,,,0.9,
hund ultraschall zahnreinigung,prophylaxe,,,140,0.29,,,0.29,
wie kriege ich meine zähne weißer,sonstiges,140,0.54,140,0.38,,,0.46,
my invisalign,aligner/invisalign,140,0.48,110,,,,0.48,
zahnarzt preisvergleiche,kosten,,,140,1.18,,,1.18,
was kosten veneers in deutschland,kosten,,,140,0.4,,,0.4,
home bleaching kosten,kosten,140,0.55,320,0.66,,,0.6,
zahnlücke zahnspange,auslöser,,,140,,,,,keine CPC-Daten
zähne bleaching wie teuer,bleaching,140,0.63,260,0.57,,,0.6,
preisliste zahnarzt,kosten,,,140,,,,,keine CPC-Daten
dhl paket kosten frankreich,kosten,,,140,0.09,,,0.09,
paket usa ups kosten,kosten,,,140,0.23,,,0.23,
grillz preis,kosten,,,140,0.03,,,0.03,
aufhellende zahncreme,bleaching,140,0.58,110,0.57,,,0.57,
zähne weißer machen lassen,sonstiges,140,0.78,390,0.7,,,0.74,
rachenentzündung nach zahnreinigung,prophylaxe,,,140,,,,,keine CPC-Daten
durchsichtige zahnschiene kosten,kosten,140,,140,,,,,keine CPC-Daten
zähne gerade machen ohne zahnspange,sonstiges,140,1.01,210,0.99,,,1.0,
zahnbleaching preise,kosten,140,0.61,210,0.57,,,0.59,
fläsh bleaching preise,kosten,140,0.53,210,0.44,,,0.48,
veneer lumineers,veneers,,,140,,,,,keine CPC-Daten
bleaching schmerzen,bleaching,140,,260,,,,,keine CPC-Daten
invisalign deutsch,aligner/invisalign,140,1.16,260,1.26,,,1.21,
ist bleaching schlecht für die zähne,bleaching,140,,90,0.65,,,0.65,
zahnreinigung zusatzversicherung,prophylaxe,,,140,2.21,,,2.21,
veneers lumineers,veneers,,,140,0.54,,,0.54,
zahn veneers preise,kosten,,,140,0.51,,,0.51,
abgeschliffene zähne für veneers,veneers,,,140,,,,,keine CPC-Daten
retainer erneuern kosten,retainer,140,1.4,170,0.81,,,1.1,
zahn bleaching preis,kosten,140,0.61,210,0.57,,,0.59,
zahnspange bei zahnlücke,auslöser,,,140,,,,,keine CPC-Daten
zahnspange zahnlücke,auslöser,,,140,,,,,keine CPC-Daten
dunk low veneer,veneers,,,140,,,,,keine CPC-Daten
veneers stuttgart,veneers,,,140,,,,,keine CPC-Daten
schneidezähne verschieben sich nach vorne,auslöser,140,,140,,,,,keine CPC-Daten
wie kriege ich meine zähne weiß,sonstiges,140,0.54,140,0.38,,,0.46,
aufbissschiene krankenkasse,knirschen/funktion,,,140,,,,,keine CPC-Daten
teeth aligner,aligner/invisalign,140,1.5,110,1.3,,,1.4,
preise zahnbleaching,kosten,140,0.61,210,0.57,,,0.59,
zahncreme aufhellend,bleaching,140,0.58,110,0.57,,,0.57,
veneers türkei all inclusive,veneers,,,140,1.27,,,1.27,
emmi dental erfahrungen,erfahrung,,,140,0.24,,,0.24,
invisalign negative erfahrungen,erfahrung,140,,140,,,,,keine CPC-Daten
nike dunk low veneer,veneers,,,140,,,,,keine CPC-Daten
zähne aufhellen wie,bleaching,,,140,0.4,,,0.4,
zahnschienen für erwachsene,aligner/invisalign,140,,140,,,,,keine CPC-Daten
retainer bedeutung,retainer,140,,110,,,,,keine CPC-Daten
digitaler zahnabdruck kostenübernahme krankenkasse,kosten,,,140,0.91,,,0.91,
bleaching beim zahnarzt wie teuer,bleaching,140,,140,,,,,keine CPC-Daten
veneer process,veneers,,,140,0.42,,,0.42,
invisible schienen,sonstiges,140,1.64,170,1.49,,,1.56,
cleaning crystals invisalign,aligner/invisalign,140,0.12,110,0.37,,,0.24,Quellen weichen ab
zähne gerade schleifen,sonstiges,140,0.94,260,0.74,,,0.84,
zahnaufhellung hannover,bleaching,140,0.51,480,0.48,,,0.49,
sind veneers schädlich,veneers,,,140,0.93,,,0.93,
wie teuer ist zähne bleachen,bleaching,140,0.63,260,0.57,,,0.6,
dr bell giessen,lokal,,,140,,,,,keine CPC-Daten
porzellan veneers,veneers,,,140,,,,,keine CPC-Daten
veneers cost,veneers,,,140,,,,,keine CPC-Daten
erfahrung emmi dent,erfahrung,,,140,0.24,,,0.24,
veneers pforzheim,veneers,,,140,0.6,,,0.6,
veneer teeth cost,veneers,,,140,,,,,keine CPC-Daten
zahn schief,auslöser,140,1.3,210,0.83,,,1.06,
veneers machen lassen,veneers,,,140,0.97,,,0.97,
unterkiefer schief,auslöser,140,,140,,,,,keine CPC-Daten
zahnlücke kaschieren,auslöser,,,140,0.19,,,0.19,
kieferorthopäde invisalign,aligner/invisalign,140,,140,,,,,keine CPC-Daten
türkei zähne machen lassen veneers,veneers,,,140,,,,,keine CPC-Daten
zähne werden schief,auslöser,140,1.3,210,1.03,,,1.17,
kiefer schief was tun,auslöser,140,,140,,,,,keine CPC-Daten
zahnlücke schließen veneers,auslöser,,,140,,,,,keine CPC-Daten
ultraschallreiniger zähne testsieger,erfahrung,,,140,0.18,,,0.18,
münster bleaching,bleaching,140,0.6,210,0.51,,,0.55,
schienen zähne kosten,kosten,140,0.97,170,,,,0.97,
veneers and lumineers,veneers,,,140,0.54,,,0.54,
dental bleaching at home,bleaching,140,0.48,260,0.38,,,0.43,
wie teuer ist bleaching beim zahnarzt,bleaching,140,0.56,140,0.54,,,0.55,
nach zahnextraktion essen,lokal,,,140,,,,,keine CPC-Daten
wie krieg ich meine zähne weiß,sonstiges,140,0.54,140,0.38,,,0.46,
emmi-dent stiftung warentest,erfahrung,,,140,0.35,,,0.35,
schiefe zähne als erwachsener,auslöser,140,,140,,,,,keine CPC-Daten
zahnbleaching bremen,bleaching,140,0.62,210,0.79,,,0.71,
vorderzähne richten lassen kosten,kosten,140,,140,,,,,keine CPC-Daten
veneer lumineer,veneers,,,140,,,,,keine CPC-Daten
zahnkorrektur invisalign kosten,kosten,140,,140,,,,,keine CPC-Daten
ups preislisten,kosten,,,140,0.57,,,0.57,
ultraschall zahnreinigung hund,prophylaxe,,,140,0.29,,,0.29,
home bleaching test,erfahrung,,,140,0.3,,,0.3,
was ist retainer,retainer,140,,110,,,,,keine CPC-Daten
invisalign reinigungskristalle,aligner/invisalign,,,140,,,,,keine CPC-Daten
zahnbleaching wie teuer,bleaching,140,0.54,210,0.58,,,0.56,
preis zahnbleaching,kosten,140,0.61,210,0.57,,,0.59,
veneer and lumineer,veneers,,,140,0.54,,,0.54,
ultraschall zahnbürste emmi dent test,erfahrung,,,140,0.39,,,0.39,
wie teuer ist zahnbleaching,bleaching,140,0.54,210,0.58,,,0.56,
zahnseide retainer,retainer,140,0.1,140,0.19,,,0.15,
zahnreinigung aachen,prophylaxe,,,140,,,,,keine CPC-Daten
dr smile bewertung,erfahrung,,,140,1.56,,,1.56,
e max veneers,veneers,,,140,0.55,,,0.55,
niegel bochum,lokal,,,140,0.52,,,0.52,
zahnspange invisalign kosten,kosten,140,,140,,,,,keine CPC-Daten
zahncreme zum aufhellen,bleaching,140,0.58,110,0.57,,,0.57,
zähne weißer machen hausmittel,sonstiges,140,0.54,260,0.32,,,0.43,
erfahrungen mit bleaching,erfahrung,140,,260,0.37,,,0.37,
schiefe zähne unterkiefer,auslöser,140,,140,,,,,keine CPC-Daten
emmi-dent ultraschallzahnbürste test,erfahrung,,,140,0.39,,,0.39,
schiene für zähne kosten,kosten,140,0.97,210,0.78,,,0.88,
zahn bleaching bremen,bleaching,140,0.62,210,0.79,,,0.71,
zahnschiene durchsichtig kosten,kosten,140,,140,,,,,keine CPC-Daten
kosten zahnkorrektur,kosten,,,140,,,,,keine CPC-Daten
durchsichtige zahnschienen kosten,kosten,140,,140,,,,,keine CPC-Daten
zahnspange für zahnlücke,auslöser,,,140,,,,,keine CPC-Daten
zahnschiene erwachsene,aligner/invisalign,140,,140,,,,,keine CPC-Daten
invisalign krankenkasse,aligner/invisalign,140,,140,,,,,keine CPC-Daten
erfahrungen emmi dent,erfahrung,,,140,0.24,,,0.24,
zahnlücke backenzahn,auslöser,,,140,,,,,keine CPC-Daten
invisalign cleaning crystals,aligner/invisalign,140,0.12,110,0.37,,,0.24,Quellen weichen ab
zähne schief,auslöser,140,1.3,210,0.83,,,1.06,
zahnschienen box,aligner/invisalign,,,140,0.32,,,0.32,
komposit bonding kosten,kosten,,,140,0.57,,,0.57,
freiliegende zahnhälse versiegeln kosten,kosten,,,140,0.68,,,0.68,
beste aufhellende zahnpasta,bleaching,140,0.21,110,0.28,,,0.24,
emmi dent erfahrung,erfahrung,,,140,0.24,,,0.24,
invisible zahnschiene,aligner/invisalign,140,1.73,210,1.78,,,1.75,
wie teuer ist zähne bleaching,bleaching,140,0.63,260,0.57,,,0.6,
zahnarzt preisliste,kosten,,,140,,,,,keine CPC-Daten
e max veneer,veneers,,,140,0.55,,,0.55,
schmerzen im kiefergelenk links,knirschen/funktion,,,140,,,,,keine CPC-Daten
lumineers veneers,veneers,,,140,,,,,keine CPC-Daten
zahnbleaching nürnberg,bleaching,140,0.91,170,0.55,,,0.73,
bleaching lampen,bleaching,140,0.37,210,0.13,,,0.25,Quellen weichen ab
invisalign aligner cleaning system,aligner/invisalign,140,0.12,110,0.37,,,0.24,Quellen weichen ab
weiße zähne zahnpasta,bleaching,,,140,0.49,,,0.49,
veneer tech,veneers,,,140,,,,,keine CPC-Daten
emmi-dent erfahrungen,erfahrung,,,140,0.24,,,0.24,
bleaching mit lampe,bleaching,140,0.37,210,0.13,,,0.25,Quellen weichen ab
veneers türkei all-inclusive,veneers,,,140,1.27,,,1.27,
durchsichtige zahnspange nachteile,aligner/invisalign,140,,140,,,,,keine CPC-Daten
zahncreme aufhellung,bleaching,140,0.58,110,0.57,,,0.57,
emmi dent stiftung warentest,erfahrung,,,140,0.35,,,0.35,
zahnreinigung hund ultraschall,prophylaxe,,,140,0.29,,,0.29,
zahnschiene für erwachsene,aligner/invisalign,140,,140,,,,,keine CPC-Daten
zähne veneers preise,kosten,,,140,0.51,,,0.51,
cost of dental veneer,veneers,,,140,,,,,keine CPC-Daten
dental retainer,retainer,140,1.7,140,1.14,,,1.42,
schiefe zähne bei erwachsenen,auslöser,140,,140,,,,,keine CPC-Daten
gerade zähne schiene,sonstiges,140,,140,,,,,keine CPC-Daten
preise für zahnbleaching,kosten,140,0.61,210,0.57,,,0.59,
e-max veneers,veneers,,,140,0.55,,,0.55,
ups päckchen preis,kosten,,,140,0.06,,,0.06,
fläsh bleaching preis,kosten,140,0.53,210,0.44,,,0.48,
veneers teeth shaving,veneers,,,140,,,,,keine CPC-Daten
emmi dent ultraschallzahnbürste test,erfahrung,,,140,0.39,,,0.39,
clip on veneers,veneers,,,140,0.47,,,0.47,
beste zahnpasta zum aufhellen,bleaching,140,0.21,110,0.28,,,0.24,
retention zahnmedizin,retainer,140,,140,,,,,keine CPC-Daten
retentionsschiene kosten,retainer,140,0.91,170,0.8,,,0.85,
schiefe milchzähne baby,auslöser,140,,140,,,,,keine CPC-Daten
bleaching potsdam,bleaching,140,1.29,210,1.15,,,1.22,
emmi dent erfahrungen,erfahrung,,,140,0.24,,,0.24,
preis zähne bleaching,kosten,140,0.69,180,0.57,,,0.63,
veneers wo machen lassen,veneers,,,140,0.97,,,0.97,
zahnspange bei zahnlücken,auslöser,,,140,,,,,keine CPC-Daten
zahnbleaching mannheim,bleaching,140,1.12,170,0.91,,,1.02,
invisalign erfahrungen vorher-nachher,erfahrung,140,0.79,210,,,,0.79,
zahnspange unsichtbar preis,kosten,,,140,0.98,,,0.98,
zähne begradigen kosten,kosten,140,,140,,,,,keine CPC-Daten
composite veneers kosten,kosten,,,140,0.54,,,0.54,
preis bleaching zähne,kosten,140,0.69,180,0.57,,,0.63,
kiefergelenkentzündung behandeln,knirschen/funktion,,,140,0.14,,,0.14,
zahnschiene kosten krankenkasse,kosten,140,0.66,210,1.04,,,0.85,
emmi dental ultraschallzahnbürste test,erfahrung,,,140,0.39,,,0.39,
zähne weiß machen lassen,sonstiges,140,0.78,390,0.7,,,0.74,
zahnpasta weiße zähne,bleaching,,,140,0.49,,,0.49,
sofort veneers,veneers,,,140,0.52,,,0.52,
zahnbleaching preis,kosten,140,0.61,210,0.57,,,0.59,
veneers zähne was ist das,veneers,,,140,,,,,keine CPC-Daten
veneers frontzähne,veneers,,,140,,,,,keine CPC-Daten
cmd behandlung zahnarztpraxis dr. martin william bauer & partner,knirschen/funktion,,,140,,,,,keine CPC-Daten
teeth veneers lumineers,veneers,,,140,0.54,,,0.54,
invisalign lichtenrade,aligner/invisalign,140,,140,,,,,keine CPC-Daten
kosten für invisalign,kosten,,,130,,,,,keine CPC-Daten
veneer für zähne,veneers,,,130,0.51,,,0.51,
zahnspange erwachsene kosten,kosten,,,130,,,,,keine CPC-Daten
veneer zähne,veneers,,,130,,,,,keine CPC-Daten
kosten zahnspange erwachsene,kosten,,,130,,,,,keine CPC-Daten
zahnfehlstellungen,auslöser,,,120,1.23,,,1.23,
zahnfehlstellung,auslöser,,,120,,,,,keine CPC-Daten
drsmile erfahrung,erfahrung,,,110,2.67,,,2.67,
veneers leipzig,veneers,,,110,1.13,,,1.13,
invisalign kosten erwachsene,kosten,110,1.26,260,,,,1.26,
welche zahnpasta für weiße zähne ist die beste,bleaching,,,110,0.51,,,0.51,
invisalign kosten beispiele,kosten,110,,110,,,,,keine CPC-Daten
kosten invisible zahnspange,kosten,110,,110,,,,,keine CPC-Daten
was kann man gegen zähneknirschen machen,knirschen/funktion,,,110,0.09,,,0.09,
draht-retainer,retainer,110,,110,,,,,keine CPC-Daten
schöne weiße zähne,bleaching,,,110,0.63,,,0.63,
zahncreme bleaching,bleaching,110,0.51,170,0.46,,,0.48,
extremer überbiss,auslöser,,,110,,,,,keine CPC-Daten
kfo invisalign,aligner/invisalign,110,2.04,140,,,,2.04,
zahnspange schiefe zähne,auslöser,110,,110,,,,,keine CPC-Daten
veneers bonn,veneers,,,110,1.33,,,1.33,
veneers vs crowns,veneers,,,110,,,,,keine CPC-Daten
zahnentfernung essen,lokal,,,110,,,,,keine CPC-Daten
zahnreinigung bei zahnspange,prophylaxe,,,110,,,,,keine CPC-Daten
invisible zahnspange kosten,kosten,,,110,,,,,keine CPC-Daten
wie funktioniert bleaching,bleaching,110,0.05,140,0.37,,,0.21,Quellen weichen ab
zahnhals versiegeln kosten,kosten,,,110,0.49,,,0.49,
welche zahncreme für weiße zähne,bleaching,,,110,0.45,,,0.45,
retentionsschienen,retainer,110,1.9,140,0.59,,,1.24,Quellen weichen ab
professionelle zahnreinigung weißere zähne,prophylaxe,,,110,0.41,,,0.41,
zahnreinigung braunschweig,prophylaxe,,,110,0.94,,,0.94,
präparation veneer,veneers,,,110,,,,,keine CPC-Daten
invisalign kosten erfahrung,kosten,110,,110,,,,,keine CPC-Daten
zähne verschieben sich im alter,auslöser,110,0.58,210,0.58,,,0.58,
bleaching gel teeth,bleaching,110,0.47,140,0.18,,,0.32,Quellen weichen ab
präparation veneers,veneers,,,110,,,,,keine CPC-Daten
nachts mit den zähnen knirschen,knirschen/funktion,,,110,,,,,keine CPC-Daten
nachteile bleaching,bleaching,110,,170,,,,,keine CPC-Daten
bleaching bremen,bleaching,110,0.54,210,0.45,,,0.49,
bleaching ergebnis,bleaching,110,,140,,,,,keine CPC-Daten
bleaching übersetzung,bleaching,110,,170,,,,,keine CPC-Daten
nachts mit zähnen knirschen,knirschen/funktion,,,110,,,,,keine CPC-Daten
ultraschall-zahnbürste hund test,erfahrung,,,110,0.26,,,0.26,
caps or veneers,veneers,,,110,,,,,keine CPC-Daten
zähne bleaching bielefeld,bleaching,110,0.96,110,0.71,,,0.83,
zahnreinigung mit zahnspange,prophylaxe,,,110,,,,,keine CPC-Daten
schneidezahn verschiebt sich nach vorne,auslöser,,,110,0.62,,,0.62,
zahnklinik düsseldorf 24 stunden,lokal,,,110,0.48,,,0.48,
zahnstein retainer,retainer,110,,140,,,,,keine CPC-Daten
veneers hamburg kosten,kosten,,,110,,,,,keine CPC-Daten
natron zum zähne aufhellen,bleaching,,,110,0.32,,,0.32,
veneered oak,veneers,,,110,,,,,keine CPC-Daten
veneers stars,veneers,,,110,,,,,keine CPC-Daten
bleaching gel kaufen,bleaching,110,0.42,140,0.33,,,0.38,
emmi dent testbericht,erfahrung,,,110,0.26,,,0.26,
brackets invisalign,aligner/invisalign,110,,110,,,,,keine CPC-Daten
durchsichtige schiene für zähne,aligner/invisalign,110,,110,,,,,keine CPC-Daten
retainer kaputt wer zahlt,retainer,110,,140,,,,,keine CPC-Daten
zähne gerade ohne zahnspange,sonstiges,110,1.24,140,1.18,,,1.21,
zahnfehlstellung korrigieren,auslöser,110,,110,,,,,keine CPC-Daten
veneers türkei preis,kosten,,,110,,,,,keine CPC-Daten
stone rock veneer,veneers,,,110,0.11,,,0.11,
kiefergelenkentzündung behandlung,knirschen/funktion,,,110,,,,,keine CPC-Daten
zahnaufhellung gel,bleaching,110,0.47,170,0.21,,,0.34,Quellen weichen ab
invisalign kosten monatlich,kosten,110,,110,,,,,keine CPC-Daten
drsmile erfahrungen,erfahrung,,,110,2.67,,,2.67,
reinigung aufbissschiene,knirschen/funktion,,,110,0.28,,,0.28,
bleaching zahncreme,bleaching,110,0.51,170,0.46,,,0.48,
weiße zähne wasserstoffperoxid,bleaching,,,110,0.31,,,0.31,
kosten zahnverblendung,kosten,,,110,,,,,keine CPC-Daten
veneer oak,veneers,,,110,,,,,keine CPC-Daten
krasniqi dortmund,lokal,,,110,0.43,,,0.43,
was essen nach zähne ziehen,lokal,,,110,,,,,keine CPC-Daten
gerade zähne vorher-nachher,sonstiges,110,,110,,,,,keine CPC-Daten
veneer or crown,veneers,,,110,,,,,keine CPC-Daten
in office bleaching kosten,kosten,110,0.64,210,0.55,,,0.59,
günstiger zahnarzt,kosten,,,110,,,,,keine CPC-Daten
retainer kaputt,retainer,110,,170,,,,,keine CPC-Daten
retainer lose,retainer,110,,110,,,,,keine CPC-Daten
ölziehen parodontose erfahrungen,erfahrung,,,110,,,,,keine CPC-Daten
natürlich weiße zähne bekommen,bleaching,,,110,0.36,,,0.36,
bleaching nachteile,bleaching,110,,170,,,,,keine CPC-Daten
ultraschall zahnbürste stiftung warentest,erfahrung,,,110,0.35,,,0.35,
zahnaufhellungsgel,bleaching,110,0.47,170,0.21,,,0.34,Quellen weichen ab
stone veneer,veneers,,,110,0.11,,,0.11,
oak veneer,veneers,,,110,,,,,keine CPC-Daten
emmi-dent test,erfahrung,,,110,0.26,,,0.26,
emmi dent test,erfahrung,,,110,0.26,,,0.26,
lachwerk duisburg,lokal,,,110,0.63,,,0.63,
zahnschienen kaufen,aligner/invisalign,110,0.57,110,0.65,,,0.61,
was hilft für weiße zähne,bleaching,,,110,0.36,,,0.36,
veneers kunststoff,veneers,,,110,,,,,keine CPC-Daten
schiefe zähne vorher-nachher,auslöser,110,,110,,,,,keine CPC-Daten
test emmi dent,erfahrung,,,110,0.26,,,0.26,
zähneknirschen nachts was tun,knirschen/funktion,,,110,,,,,keine CPC-Daten
zahnschiene invisalign,aligner/invisalign,110,,110,,,,,keine CPC-Daten
crown vs veneer,veneers,,,110,,,,,keine CPC-Daten
zahnverblendung kosten,kosten,,,110,,,,,keine CPC-Daten
zungenpressen abgewöhnen übungen,lokal,,,110,,,,,keine CPC-Daten
wasserstoffperoxid bleaching,bleaching,110,0.75,170,0.22,,,0.48,Quellen weichen ab
uniklinik düsseldorf kieferorthopädie,lokal,,,110,,,,,keine CPC-Daten
kieferorthopäde duisburg hamborn,lokal,,,110,,,,,keine CPC-Daten
nach der zahnspange retainer,retainer,110,,110,,,,,keine CPC-Daten
digitaler zahnabdruck kosten,kosten,,,110,0.29,,,0.29,
oberkiefer zähne verschieben sich,auslöser,110,,110,,,,,keine CPC-Daten
zahnfehlstellungen bei erwachsenen,auslöser,110,0.77,210,0.95,,,0.86,
essensreste im zahnfleisch entzündung,lokal,,,110,,,,,keine CPC-Daten
draht retainer,retainer,110,,110,,,,,keine CPC-Daten
invisalign erfahrung forum,erfahrung,110,0.11,170,0.66,,,0.39,Quellen weichen ab
kieferfehlstellung überbiss,auslöser,,,110,0.72,,,0.72,
durchsichtige zähne,aligner/invisalign,,,110,,,,,keine CPC-Daten
wood veneer oak,veneers,,,110,,,,,keine CPC-Daten
härteste substanz im körper,erfahrung,,,110,,,,,keine CPC-Daten
nike dunk veneer,veneers,,,110,,,,,keine CPC-Daten
retainer reparieren kosten,retainer,110,1.11,140,0.69,,,0.9,
extrem schiefe zähne,auslöser,110,,110,,,,,keine CPC-Daten
kiefer überbiss,auslöser,,,110,0.72,,,0.72,
kieferorthopädie düsseldorf uniklinik,lokal,,,110,,,,,keine CPC-Daten
zahnbürsten ultraschall stiftung warentest,erfahrung,,,110,0.35,,,0.35,
zahn aufhellen,bleaching,110,0.63,130,0.48,,,0.55,
crowns or veneers,veneers,,,110,,,,,keine CPC-Daten
lockere zähne schienen kosten,kosten,110,,110,,,,,keine CPC-Daten
wie viel kostet eine zahnaufhellung,bleaching,110,0.73,140,0.58,,,0.66,
nach zahnspange retainer,retainer,110,,110,,,,,keine CPC-Daten
sandstone veneer,veneers,,,110,0.11,,,0.11,
zahnfehlstellung bei erwachsenen,auslöser,110,0.77,210,0.95,,,0.86,
invisalign essen unterwegs,lokal,,,110,,,,,keine CPC-Daten
zähne bleaching essen,lokal,110,0.8,110,0.85,,,0.82,
nächtliches zähneknirschen,knirschen/funktion,,,110,0.11,,,0.11,
zähne aufhellen mit natron,bleaching,,,110,0.32,,,0.32,
kfo retainer,retainer,110,0.59,140,0.87,,,0.73,
lächeln zahnbürste test,erfahrung,,,110,0.17,,,0.17,
einzelner schiefer zahn kosten,kosten,110,0.76,170,0.78,,,0.77,
nach zahn ziehen was essen,lokal,,,110,,,,,keine CPC-Daten
unterschied veneers und kronen,veneers,,,110,,,,,keine CPC-Daten
aligner invisalign,aligner/invisalign,110,1.68,70,1.4,,,1.54,
zahnsteinentferner test,erfahrung,,,110,0.21,,,0.21,
günstige veneers,kosten,,,110,,,,,keine CPC-Daten
zähne bleichen essen,lokal,,,110,0.85,,,0.85,
zahnschiene kaufen,aligner/invisalign,,,110,0.65,,,0.65,
veneers türkei preise,kosten,,,110,,,,,keine CPC-Daten
zähne aufhellung,bleaching,110,0.63,130,0.48,,,0.55,
teeth caps vs veneers,veneers,,,110,,,,,keine CPC-Daten
kreuzbiss invisalign vorher nachher,aligner/invisalign,110,,110,,,,,keine CPC-Daten
test mundspülungen,erfahrung,,,110,0.13,,,0.13,
internes bleaching kosten,kosten,110,0.63,140,0.68,,,0.66,
natron zähne aufhellen,bleaching,,,110,0.32,,,0.32,
zähne richten lassen kosten,kosten,110,,110,,,,,keine CPC-Daten
retainer zahnarzt oder kieferorthopäde,retainer,110,,110,,,,,keine CPC-Daten
retainer reparatur kosten,retainer,110,1.11,140,0.69,,,0.9,
invisalign brackets,aligner/invisalign,110,,110,,,,,keine CPC-Daten
dr smile preise,kosten,,,110,1.42,,,1.42,
transparente zahnschiene,aligner/invisalign,110,1.16,140,0.99,,,1.07,
köln zähne bleaching,bleaching,110,0.97,390,0.74,,,0.85,
veneers aus kunststoff,veneers,,,110,,,,,keine CPC-Daten
bleaching bielefeld,bleaching,110,0.88,140,0.76,,,0.82,
zahnreinigung weisse zähne,prophylaxe,,,110,,,,,keine CPC-Daten
durchsichtige schiene zähne,aligner/invisalign,110,,110,,,,,keine CPC-Daten
unsichtbare feste zahnspange,aligner/invisalign,,,110,,,,,keine CPC-Daten
dental bleaching gels,bleaching,110,0.47,140,0.18,,,0.32,Quellen weichen ab
zahn ziehen was essen,lokal,,,110,,,,,keine CPC-Daten
wie kriege ich weiße zähne,bleaching,,,110,0.36,,,0.36,
retainer entfernen erfahrungen,retainer,110,,140,,,,,keine CPC-Daten
retainer gelöst,retainer,110,,170,,,,,keine CPC-Daten
aligner reinigen,aligner/invisalign,,,110,0.39,,,0.39,
zahnaufhellung dortmund,lokal,110,0.41,90,0.5,,,0.45,
augeninnendruck selbst messen,lokal,,,110,,,,,keine CPC-Daten
zähne bleaching erfahrungen,erfahrung,,,110,0.41,,,0.41,
schiefe zähne kiel,auslöser,,,110,,,,,keine CPC-Daten
zähne bleaching berlin preise,kosten,110,0.71,90,0.67,,,0.69,
ultraschall zahnbürste hund test,erfahrung,,,110,0.26,,,0.26,
crowns vs veneers,veneers,,,110,,,,,keine CPC-Daten
eurodont schallzahnbürste test,erfahrung,,,110,,,,,keine CPC-Daten
wie werden meine zähne weißer,sonstiges,110,0.51,140,0.34,,,0.43,
invisalign zahnspangen kosten,kosten,110,0.92,170,1.05,,,0.99,
zahnspange durchsichtig preis,kosten,110,0.68,260,0.93,,,0.81,
kosten zahnspange erwachsene innen,kosten,,,110,,,,,keine CPC-Daten
durchsichtige schienen zähne,aligner/invisalign,110,,110,,,,,keine CPC-Daten
wasserstoffperoxid zahnaufhellung,bleaching,110,0.46,170,0.24,,,0.35,
zahnzusatzversicherung aligner,aligner/invisalign,,,110,2.52,,,2.52,
veneers kosten hamburg,kosten,,,110,,,,,keine CPC-Daten
invisalign erfahrungen kosten,kosten,110,,110,,,,,keine CPC-Daten
invisalign kosten erfahrungen,kosten,110,,110,,,,,keine CPC-Daten
wie viel kostet eine zahnschiene,aligner/invisalign,110,,110,,,,,keine CPC-Daten
capped teeth vs veneers,veneers,,,110,,,,,keine CPC-Daten
kiefergelenkschmerzen rechts,knirschen/funktion,,,110,0.14,,,0.14,
bleaching ergebnisse,bleaching,110,,140,,,,,keine CPC-Daten
wie viel kostet zahnaufhellung,bleaching,110,0.73,140,0.58,,,0.66,
kosten invisalign erwachsene,kosten,110,1.26,320,1.02,,,1.14,
zahnaufhellung wasserstoffperoxid,bleaching,110,0.46,170,0.24,,,0.35,
zahnaufhellende zahnpasta,bleaching,110,0.6,110,0.71,,,0.66,
zahnbleaching set,bleaching,110,0.9,210,0.77,,,0.83,
kieferorthopäde düsseldorf uniklinik,lokal,,,110,,,,,keine CPC-Daten
was macht wirklich weiße zähne,bleaching,,,110,0.43,,,0.43,
teoxane filler erfahrungen,erfahrung,,,110,,,,,keine CPC-Daten
zahnfehlstellungen erwachsene,auslöser,110,0.77,210,0.95,,,0.86,
veneers vs caps,veneers,,,110,,,,,keine CPC-Daten
durchsichtige zahnschiene reinigen,aligner/invisalign,,,110,0.19,,,0.19,
wie viel kostet eine durchsichtige zahnspange,aligner/invisalign,110,,110,,,,,keine CPC-Daten
non-prep veneers türkei,veneers,,,110,,,,,keine CPC-Daten
schiefe zähne zahnspange,auslöser,110,,110,,,,,keine CPC-Daten
zahnbegradigung,auslöser,,,110,1.22,,,1.22,
bleaching wasserstoffperoxid,bleaching,110,0.75,170,0.22,,,0.48,Quellen weichen ab
dr smile bleaching,bleaching,,,110,0.87,,,0.87,
kunststoff veneers,veneers,,,110,,,,,keine CPC-Daten
zahncreme im test,erfahrung,,,110,0.32,,,0.32,
bleaching opalescence,bleaching,,,110,0.42,,,0.42,
zahnfehlstellung erwachsene,auslöser,110,0.77,170,1.24,,,1.0,
zahncreme test,erfahrung,,,110,0.32,,,0.32,
bleaching zähne köln,bleaching,110,0.97,390,0.74,,,0.85,
extreme zahnfehlstellung,auslöser,110,,110,1.03,,,1.03,
zahnreinigung dortmund,lokal,,,110,0.81,,,0.81,
ultraschall zahnbürsten stiftung warentest,erfahrung,,,110,0.35,,,0.35,
schiefen zahn überkronen,auslöser,110,0.71,140,0.73,,,0.72,
veneers preis türkei,kosten,,,110,,,,,keine CPC-Daten
kosten invisalign zahnspange,kosten,110,0.92,170,1.05,,,0.99,
beste zahnpasta für weiße zähne dm,bleaching,,,110,0.37,,,0.37,
zähneknirschen verhindern,knirschen/funktion,,,110,0.11,,,0.11,
retainer zähne wie lange,retainer,110,,110,,,,,keine CPC-Daten
invisalign germany cost,aligner/invisalign,110,1.46,110,1.18,,,1.32,
zahn bleichen kosten,kosten,,,100,0.56,,,0.56,
veneered,veneers,,,100,0.56,,,0.56,
beste zahnpasta für weiße zähne,bleaching,,,100,0.36,,,0.36,
kosten zahnarzt,kosten,,,100,,,,,keine CPC-Daten
kosten professionelles bleaching,kosten,90,0.67,110,0.52,,,0.59,
baby schiefe zähne,auslöser,90,,90,,,,,keine CPC-Daten
schiefe zähne was tun,auslöser,90,,90,,,,,keine CPC-Daten
retainer herausnehmbar,retainer,90,,90,,,,,keine CPC-Daten
zähne weißer ohne bleaching,bleaching,90,0.59,90,0.55,,,0.57,
power-bleaching kosten,kosten,90,0.64,170,0.57,,,0.6,
retainer zahnspange kosten,retainer,90,,90,,,,,keine CPC-Daten
invisalign vip,aligner/invisalign,90,,390,0.68,,,0.68,
invisalign überbiss vorher nachher,aligner/invisalign,90,,90,,,,,keine CPC-Daten
bleaching weiße zähne,bleaching,90,0.82,140,0.72,,,0.77,
invisalign oder feste zahnspange,aligner/invisalign,90,,90,,,,,keine CPC-Daten
bleaching studio,bleaching,90,0.63,260,0.47,,,0.55,
kosten invisalign behandlung,kosten,90,,90,,,,,keine CPC-Daten
bleaching wiesbaden,bleaching,90,0.63,110,0.81,,,0.72,
durchsichtige schiene nach zahnspange,aligner/invisalign,90,,90,,,,,keine CPC-Daten
weißere zähne ohne bleaching,bleaching,90,0.59,90,0.55,,,0.57,
bleaching zahnarzt berlin,bleaching,90,2.25,90,,,,2.25,
bleaching studios,bleaching,90,0.63,260,0.47,,,0.55,
schiefer milchzahn,auslöser,90,,110,,,,,keine CPC-Daten
weiße zähne ohne bleaching,bleaching,90,0.59,90,0.55,,,0.57,
retainer was ist das,retainer,90,,70,,,,,keine CPC-Daten
invisalign behandlung kosten,kosten,90,,90,,,,,keine CPC-Daten
zahn bleaching set,bleaching,90,0.89,110,0.86,,,0.88,
gerade zähne erwachsene,sonstiges,90,,90,,,,,keine CPC-Daten
zähne bleaching augsburg,bleaching,90,1.18,90,0.61,,,0.9,
bleibende zähne kommen schief raus,auslöser,90,,210,0.74,,,0.74,
wie viel kostet zahnbleaching beim zahnarzt,bleaching,90,0.76,90,0.46,,,0.61,
weißere zähne bleaching,bleaching,90,0.82,140,0.72,,,0.77,
powerbleaching kosten,kosten,90,0.64,170,0.57,,,0.6,
schiefer zahn,auslöser,90,1.4,140,0.84,,,1.12,
zahnspange durchsichtig kosten,kosten,90,,90,,,,,keine CPC-Daten
wie bekommt man seine zähne weißer,sonstiges,90,0.51,110,0.34,,,0.43,
durchsichtige zahnspange kinder,aligner/invisalign,90,,90,,,,,keine CPC-Daten
wie viel kosten retainer,retainer,90,0.64,110,0.69,,,0.67,
invisalign teeth,aligner/invisalign,90,1.63,50,1.62,,,1.62,
lose zahnspange durchsichtig,sonstiges,90,,90,,,,,keine CPC-Daten
zahnbleaching karlsruhe,bleaching,90,0.8,110,0.79,,,0.8,
zähne weiß ohne bleaching,bleaching,90,0.59,90,0.55,,,0.57,
kosten für professionelles bleaching,kosten,90,0.67,110,0.52,,,0.59,
invisalign bedeutung,aligner/invisalign,90,1.28,90,,,,1.28,
zähne aufhellen lassen,bleaching,90,,90,,,,,keine CPC-Daten
wie kriegt man die zähne weiß,sonstiges,90,0.6,170,0.34,,,0.47,
milchzahn schief,auslöser,90,,170,,,,,keine CPC-Daten
rubber bands invisalign,aligner/invisalign,90,,90,0.83,,,0.83,
schnell zähne weiß bekommen,sonstiges,90,0.63,210,0.37,,,0.5,
beste bleaching zahnpasta,bleaching,90,0.17,110,0.35,,,0.26,Quellen weichen ab
invisalign price,aligner/invisalign,90,1.14,70,1.0,,,1.07,
invisalign kieferorthopäde,aligner/invisalign,90,,90,,,,,keine CPC-Daten
zahnarzt berlin bleaching,bleaching,90,,90,,,,,keine CPC-Daten
feste retainer,retainer,90,,70,0.8,,,0.8,
dental braces vs invisalign,aligner/invisalign,90,,90,,,,,keine CPC-Daten
zahnspange erwachsene unsichtbar kosten,kosten,90,,90,,,,,keine CPC-Daten
diamond bleaching,bleaching,90,0.73,110,0.99,,,0.86,
was kostet eine zahnaufhellung beim zahnarzt,bleaching,90,,90,,,,,keine CPC-Daten
zahn bleaching saarbrücken,bleaching,90,1.04,90,0.68,,,0.86,
invisalign refinement,aligner/invisalign,90,1.37,90,0.81,,,1.09,
dr smile vs invisalign,aligner/invisalign,90,,90,,,,,keine CPC-Daten
bleaching berlin zahnarzt,bleaching,90,,90,,,,,keine CPC-Daten
aligner kfo,aligner/invisalign,90,,90,,,,,keine CPC-Daten
zähne bleaching set,bleaching,90,0.89,110,0.86,,,0.88,
zahnspange retainer kosten,retainer,90,,90,,,,,keine CPC-Daten
zahnarzt bleaching berlin,bleaching,90,,90,,,,,keine CPC-Daten
zahnspangen durchsichtig kosten,kosten,90,,90,,,,,keine CPC-Daten
schiefe schneidezähne,auslöser,90,1.08,110,1.12,,,1.1,
bleached white,bleaching,90,,140,1.07,,,1.07,
invisalign prices,aligner/invisalign,90,1.14,70,1.0,,,1.07,
invisalign with rubber bands,aligner/invisalign,90,,90,0.83,,,0.83,
kosten aligner,kosten,90,,90,,,,,keine CPC-Daten
leichte zahnfehlstellung,auslöser,90,,90,,,,,keine CPC-Daten
zahnzusatzversicherung retainer,retainer,90,2.3,110,1.84,,,2.07,
invisalign wiesbaden,aligner/invisalign,90,,90,,,,,keine CPC-Daten
milchzähne schief,auslöser,90,,170,,,,,keine CPC-Daten
invisalign rubber bands,aligner/invisalign,90,,90,0.83,,,0.83,
bleaching kit,bleaching,90,0.7,110,0.76,,,0.73,
retention zahnspange,retainer,90,,90,,,,,keine CPC-Daten
zahnkorrektur-schiene kosten,kosten,90,,90,,,,,keine CPC-Daten
invisalign braces,aligner/invisalign,90,,90,,,,,keine CPC-Daten
zähne weiß bleichen,sonstiges,90,0.82,140,0.72,,,0.77,
zahnbleaching bielefeld,bleaching,90,0.89,110,0.69,,,0.79,
retainer spange,retainer,90,1.06,110,0.89,,,0.98,
wie lange hält ein retainer,retainer,90,,90,,,,,keine CPC-Daten
zahnbleaching saarbrücken,bleaching,90,1.04,90,0.68,,,0.86,
braces invisalign,aligner/invisalign,90,,90,,,,,keine CPC-Daten
wie zähne aufhellen,bleaching,90,0.5,140,0.4,,,0.45,
invisalign zahnschiene,aligner/invisalign,90,,90,,,,,keine CPC-Daten
schiefe milchzähne,auslöser,90,,110,,,,,keine CPC-Daten
was kostet zahnaufhellung beim zahnarzt,bleaching,90,,90,,,,,keine CPC-Daten
professionelles bleaching kosten,kosten,90,0.67,110,0.52,,,0.59,
braces vs invisalign,aligner/invisalign,90,,90,,,,,keine CPC-Daten
perl weiss bleaching,bleaching,90,,170,0.14,,,0.14,
dental bleaching,bleaching,90,0.83,110,0.63,,,0.73,
invisalign cena,aligner/invisalign,90,,90,,,,,keine CPC-Daten
zähne weiß bekommen schnell,sonstiges,90,0.63,210,0.37,,,0.5,
retainer erfahrungen,retainer,90,,140,,,,,keine CPC-Daten
zähne schief was tun,auslöser,90,,90,,,,,keine CPC-Daten
zähne gerade machen kosten,kosten,90,,90,,,,,keine CPC-Daten
refinements for invisalign,aligner/invisalign,90,,90,,,,,keine CPC-Daten
schienen für gerade zähne,sonstiges,90,,90,,,,,keine CPC-Daten
gerade zähne ohne spange,sonstiges,90,,90,,,,,keine CPC-Daten
elastics invisalign,aligner/invisalign,90,,90,0.83,,,0.83,
invisalign vs braces,aligner/invisalign,90,,90,,,,,keine CPC-Daten
refinements invisalign,aligner/invisalign,90,1.37,90,0.81,,,1.09,
weiße zähne bleaching,bleaching,90,0.82,140,0.72,,,0.77,
welche zahnpasta nach bleaching,bleaching,90,0.66,110,0.3,,,0.48,Quellen weichen ab
white bleaching,bleaching,90,,110,0.84,,,0.84,
elastics on invisalign,aligner/invisalign,90,,90,0.83,,,0.83,
aligner-therapie kosten,kosten,90,,90,,,,,keine CPC-Daten
retainer nach 10 jahren gebrochen,retainer,90,,110,,,,,keine CPC-Daten
invisalign dental braces,aligner/invisalign,90,,90,,,,,keine CPC-Daten
invisalign elastics,aligner/invisalign,90,,90,0.83,,,0.83,
schiene für gerade zähne,sonstiges,90,,90,,,,,keine CPC-Daten
invisalign attachments sichtbar,aligner/invisalign,90,,170,,,,,keine CPC-Daten
funktionsschiene,knirschen/funktion,90,,,,,,,keine CPC-Daten
power bleaching kosten,kosten,90,0.64,170,0.57,,,0.6,
aligner kieferorthopädie,aligner/invisalign,90,,90,,,,,keine CPC-Daten
bleaching der zähne,bleaching,80,0.8,160,0.67,,,0.74,
wie lange nach bleaching kein kaffee,bleaching,70,,90,,,,,keine CPC-Daten
schiefe zähne überkronen kosten,kosten,70,,70,,,,,keine CPC-Daten
zahn bleaching wuppertal,bleaching,70,0.71,110,0.72,,,0.71,
invisalign kostenübernahme,kosten,70,,70,,,,,keine CPC-Daten
zähne aufhellen berlin,bleaching,70,1.13,110,1.18,,,1.15,
zähne wachsen schief kind,auslöser,70,,70,,,,,keine CPC-Daten
schneidezähne schief,auslöser,70,0.56,140,0.76,,,0.66,
zähne bleaching dresden,bleaching,70,0.71,90,0.4,,,0.55,
wie kann man die zähne weißer bekommen,sonstiges,70,0.61,90,0.34,,,0.47,
zähne bleaching münster,bleaching,70,0.62,90,0.62,,,0.62,
dauerretainer,retainer,70,0.96,140,1.64,,,1.3,
zahnschiene nach zahnspange,aligner/invisalign,70,,70,,,,,keine CPC-Daten
invisalign zahnzusatzversicherung erfahrung,erfahrung,70,,70,,,,,keine CPC-Daten
backenzahn schief,auslöser,70,,70,,,,,keine CPC-Daten
bleaching wie lange kein kaffee,bleaching,70,,170,,,,,keine CPC-Daten
invisalign app,aligner/invisalign,70,,70,,,,,keine CPC-Daten
schiefe eckzähne,auslöser,70,0.68,110,0.55,,,0.61,
eckzähne schief,auslöser,70,0.68,110,0.55,,,0.61,
brackets retainer,retainer,70,,90,,,,,keine CPC-Daten
herausnehmbarer retainer kosten,retainer,70,,70,,,,,keine CPC-Daten
invisalign lite,aligner/invisalign,70,,70,,,,,keine CPC-Daten
retainer zähne kaputt,retainer,70,,90,,,,,keine CPC-Daten
retainer braces,retainer,70,,90,,,,,keine CPC-Daten
invisalign comprehensive,aligner/invisalign,70,,70,,,,,keine CPC-Daten
bleaching kosten berlin,kosten,70,0.64,90,0.65,,,0.65,
retainer löst sich nach 10 jahren,retainer,70,,70,,,,,keine CPC-Daten
invisalign stuttgart,aligner/invisalign,70,1.74,110,,,,1.74,
kosmetische bleaching,bleaching,70,0.64,110,0.59,,,0.61,
invisible line zahnspange,sonstiges,70,1.47,70,1.5,,,1.48,
schiefe zähne bei kindern,auslöser,70,,70,,,,,keine CPC-Daten
zahn bleaching zu hause,bleaching,70,0.51,90,0.74,,,0.62,
draht nach der festen zahnspange,sonstiges,70,,70,,,,,keine CPC-Daten
wie lange bleibt ein retainer drin,retainer,70,,90,,,,,keine CPC-Daten
durchsichtige zahnspange für erwachsene,aligner/invisalign,70,,70,,,,,keine CPC-Daten
eckzahn schief,auslöser,70,0.68,110,0.55,,,0.61,
align technology invisalign,aligner/invisalign,70,,70,,,,,keine CPC-Daten
retainer krankenkasse,retainer,70,,110,1.15,,,1.15,
wieviel kostet zahnbleaching,bleaching,70,0.71,90,0.57,,,0.64,
durchsichtige zahnspange erwachsene,aligner/invisalign,70,,70,,,,,keine CPC-Daten
schokolade nach bleaching,bleaching,70,,110,,,,,keine CPC-Daten
zähne bleaching hamburg kosten,kosten,70,0.56,90,0.7,,,0.63,
bleaching home set,bleaching,70,0.72,90,0.69,,,0.7,
feste zahnspange durchsichtige brackets kosten,kosten,70,,70,,,,,keine CPC-Daten
invisalign attachments gelöst,aligner/invisalign,70,,70,,,,,keine CPC-Daten
kosmetisches bleaching,bleaching,70,0.64,110,0.59,,,0.61,
zahnfehlstellung kind,auslöser,70,,70,,,,,keine CPC-Daten
zahnspange erwachsene durchsichtig,sonstiges,70,,70,,,,,keine CPC-Daten
kosten retainer kleben,retainer,70,,70,,,,,keine CPC-Daten
neuer retainer kosten,retainer,70,1.05,70,0.77,,,0.91,
home bleaching kit,bleaching,70,0.67,90,0.76,,,0.72,
schiefe zähne galerie,auslöser,70,,70,,,,,keine CPC-Daten
zähne weiß kriegen,sonstiges,70,0.65,140,0.41,,,0.53,
fester retainer kosten,retainer,70,,70,,,,,keine CPC-Daten
retainer nebenwirkungen,retainer,70,,170,,,,,keine CPC-Daten
zähne weißen,sonstiges,70,0.58,190,0.41,,,0.49,
kosten invisalign,kosten,70,,200,,,,,keine CPC-Daten
smile bleach,bleaching,70,1.07,90,0.76,,,0.92,
bleaching home kit,bleaching,70,0.67,90,0.76,,,0.72,
invisalign spange,aligner/invisalign,70,,70,,,,,keine CPC-Daten
zähne bleaching leipzig,bleaching,70,0.59,90,0.56,,,0.57,
retainer durchsichtig,retainer,70,1.19,170,1.23,,,1.21,
bleaching karlsruhe,bleaching,70,0.69,90,0.65,,,0.67,
kosten zähne richten lassen,kosten,70,0.96,70,0.89,,,0.93,
draht nach fester zahnspange,sonstiges,70,,70,,,,,keine CPC-Daten
testsieger bleaching,erfahrung,70,0.6,90,0.3,,,0.45,
feste retainer kosten,retainer,70,0.98,70,0.78,,,0.88,
zahnaufhellung essen,lokal,70,0.76,90,0.79,,,0.78,
perlweiss bleaching,bleaching,70,0.07,140,0.22,,,0.15,Quellen weichen ab
snow bleaching,bleaching,70,0.04,390,0.16,,,0.1,Quellen weichen ab
zähne bleaching kosten hamburg,kosten,70,0.56,90,0.7,,,0.63,
invisible lines zahnspange,sonstiges,70,,70,,,,,keine CPC-Daten
invisalign box,aligner/invisalign,70,,70,,,,,keine CPC-Daten
unsichtbare zahnkorrektur,aligner/invisalign,70,,70,,,,,keine CPC-Daten
invisalign leipzig,aligner/invisalign,70,1.63,70,1.55,,,1.59,
zahnspange aligner,aligner/invisalign,70,,70,,,,,keine CPC-Daten
aufhellung zähne,bleaching,70,0.67,90,0.63,,,0.65,
retainer sinnvoll,retainer,70,,70,,,,,keine CPC-Daten
kind schiefe zähne,auslöser,70,,70,,,,,keine CPC-Daten
invisalign schiene kosten,kosten,70,,70,,,,,keine CPC-Daten
retainer draht gebrochen,retainer,70,,140,,,,,keine CPC-Daten
drsmile oder invisalign,aligner/invisalign,70,,70,,,,,keine CPC-Daten
dr smile oder invisalign,aligner/invisalign,70,,70,,,,,keine CPC-Daten
zahn bleaching bonn,bleaching,70,1.81,90,1.19,,,1.5,
invisalign türkei,aligner/invisalign,70,,70,,,,,keine CPC-Daten
zahnbleaching freiburg,bleaching,70,0.6,90,0.57,,,0.58,
invisalign bereut,aligner/invisalign,70,,260,,,,,keine CPC-Daten
retainer oben,retainer,70,,90,,,,,keine CPC-Daten
professionelle zahnreinigung zähne weißer,prophylaxe,70,0.68,110,0.41,,,0.55,
clear aligners kosten,kosten,70,0.88,140,1.05,,,0.97,
retainer locker,retainer,70,,140,,,,,keine CPC-Daten
zähne aufhellen hamburg,bleaching,70,0.89,90,1.28,,,1.08,
wie lange muss man retainer tragen,retainer,70,,110,,,,,keine CPC-Daten
smile bleaching,bleaching,70,1.07,90,0.76,,,0.92,
retainer oberkiefer stört,retainer,70,,70,,,,,keine CPC-Daten
schneidezähne verschieben sich,auslöser,70,,90,0.64,,,0.64,
retainer draht kosten,retainer,70,,70,,,,,keine CPC-Daten
wie schnell verschieben sich zähne ohne retainer,retainer,70,,110,,,,,keine CPC-Daten
invisalign versicherung,aligner/invisalign,70,,70,,,,,keine CPC-Daten
invisalign clincheck,aligner/invisalign,70,0.66,110,,,,0.66,
diamond zahnbleaching,bleaching,70,0.59,110,0.27,,,0.43,Quellen weichen ab
zahnschiene online,aligner/invisalign,70,0.85,70,0.99,,,0.92,
zahn bleaching erfahrungen,erfahrung,70,0.61,110,0.44,,,0.53,
zahnbleaching münster,bleaching,70,0.64,90,0.57,,,0.6,
invisalign ergebnisse,aligner/invisalign,70,,70,,,,,keine CPC-Daten
unsichtbare zahnschiene kosten,kosten,70,,70,,,,,keine CPC-Daten
retainer gebrochen kosten,retainer,70,,70,0.73,,,0.73,
zahnbleaching wiesbaden,bleaching,70,0.78,90,0.89,,,0.83,
professionelle zahnaufhellung kosten,kosten,70,0.57,90,0.57,,,0.57,
zahnbleaching dresden,bleaching,70,0.79,90,0.44,,,0.61,
retainer oberkiefer probleme,retainer,70,,70,,,,,keine CPC-Daten
wie lange bleiben retainer drin,retainer,70,,90,,,,,keine CPC-Daten
kfo schienen,sonstiges,70,1.36,70,,,,1.36,
zahnschiene krankenkasse,aligner/invisalign,70,1.73,110,0.69,,,1.21,Quellen weichen ab
bleaching dresden,bleaching,70,0.85,90,0.39,,,0.62,Quellen weichen ab
retainer ja oder nein,retainer,70,,70,,,,,keine CPC-Daten
zahn bleaching dresden,bleaching,70,0.79,90,0.44,,,0.61,
unsichtbare zahnschienen kosten,kosten,70,,70,,,,,keine CPC-Daten
unsichtbare spange,aligner/invisalign,70,,70,,,,,keine CPC-Daten
schiefer eckzahn,auslöser,70,0.68,110,0.55,,,0.61,
aligner zahnspange kosten,kosten,70,,70,,,,,keine CPC-Daten
zahnkorrekturschiene kosten,kosten,70,1.08,70,1.12,,,1.1,
können sich zähne verschieben,auslöser,70,,110,,,,,keine CPC-Daten
home bleaching set,bleaching,70,0.72,90,0.69,,,0.7,
bleaching berlin kosten,kosten,70,0.64,90,0.65,,,0.65,
invisalign scan,aligner/invisalign,70,,70,,,,,keine CPC-Daten
schneidezahn schief,auslöser,70,0.56,140,1.03,,,0.8,
zahnbleaching bonn,bleaching,70,1.81,90,1.19,,,1.5,
invisalign therapie,aligner/invisalign,70,,70,,,,,keine CPC-Daten
zähne schief erwachsen,auslöser,70,1.06,480,1.01,,,1.04,
invisalign mit gummis,aligner/invisalign,70,,70,,,,,keine CPC-Daten
zahnaufhellung leipzig,bleaching,70,0.59,90,0.56,,,0.57,
invisalign case,aligner/invisalign,70,0.08,70,0.26,,,0.17,Quellen weichen ab
schiefes gebiss,auslöser,70,,110,0.77,,,0.77,
retainer hat sich gelöst,retainer,70,,110,,,,,keine CPC-Daten
invisalign germany,aligner/invisalign,70,,70,,,,,keine CPC-Daten
online zahnschiene,aligner/invisalign,70,0.85,70,0.99,,,0.92,
zahn korrektur kosten,kosten,70,1.14,140,,,,1.14,
clincheck for invisalign,aligner/invisalign,70,0.66,110,0.69,,,0.68,
wie teuer ist ein retainer,retainer,70,,70,0.7,,,0.7,
clincheck by invisalign,aligner/invisalign,70,0.66,110,0.95,,,0.8,
gerade zähne,sonstiges,50,,50,,,,,keine CPC-Daten
invisalign cijena,aligner/invisalign,50,0.79,90,,,,0.79,
zahnschienen preis,kosten,50,1.21,70,0.79,,,1.0,
invisible lines kosten,kosten,50,1.09,90,1.24,,,1.17,
zahnaufhellung bleaching,bleaching,50,0.87,90,1.01,,,0.94,
zähne gerade,sonstiges,50,1.6,70,1.37,,,1.49,
weiße gerade zähne,sonstiges,50,1.02,70,,,,1.02,
beste zahnaufhellung drogerie,bleaching,50,0.14,110,0.23,,,0.18,
retainer kosten krankenkasse,retainer,50,,110,0.82,,,0.82,
invisalign nur 16 stunden,aligner/invisalign,50,1.67,110,1.17,,,1.42,
kunststoffschienen zähne,sonstiges,50,0.89,70,0.87,,,0.88,
retainer zahnzusatzversicherung,retainer,50,1.71,70,1.8,,,1.75,
leicht schiefe zähne,auslöser,50,0.95,110,1.07,,,1.01,
invisalign sichtbar,aligner/invisalign,50,,70,,,,,keine CPC-Daten
zähne bleaching schmerzen,bleaching,50,,90,,,,,keine CPC-Daten
wie teuer ist invisalign,aligner/invisalign,50,0.96,70,0.98,,,0.97,
ungerade zähne,sonstiges,50,1.2,70,1.17,,,1.19,
bleaching ulm,bleaching,50,0.75,260,0.76,,,0.76,
retainer preis,retainer,50,1.02,70,0.85,,,0.94,
invisalign schlechte erfahrungen forum,erfahrung,50,,110,,,,,keine CPC-Daten
bleaching aachen,bleaching,50,0.51,90,0.42,,,0.46,
zahnreinigung zähne weißer,prophylaxe,50,0.99,90,0.44,,,0.71,Quellen weichen ab
retainer oder schiene,retainer,50,,110,,,,,keine CPC-Daten
beste zahnweiß zahnpasta,sonstiges,50,0.12,90,0.12,,,0.12,
invisalign wie teuer,aligner/invisalign,50,0.96,70,0.98,,,0.97,
bleaching braunschweig,bleaching,50,0.81,90,0.58,,,0.7,
retainer rausnehmen,retainer,50,,90,,,,,keine CPC-Daten
schiefe kinderzähne,auslöser,50,,70,0.59,,,0.59,
gerade zähne bekommen,sonstiges,50,1.82,90,1.59,,,1.71,
bleaching dauer,bleaching,50,0.63,90,0.58,,,0.6,
invisalign attachments notwendig,aligner/invisalign,50,,70,,,,,keine CPC-Daten
invisible line kosten,kosten,50,1.09,90,1.24,,,1.17,
invisalign bleaching,aligner/invisalign,50,0.79,70,0.74,,,0.77,
bleaching zahnaufhellung,bleaching,50,0.87,90,1.01,,,0.94,
retainer neu kleben kosten,retainer,50,,90,0.75,,,0.75,
bleaching invisalign,aligner/invisalign,50,0.79,70,0.74,,,0.77,
fläsh bleaching schmerzen,bleaching,50,,90,,,,,keine CPC-Daten
schnarchen zahnarzt,schnarchen,50,,,,,,,keine CPC-Daten
zähne bleachen mit schiene,bleaching,50,0.54,90,0.64,,,0.59,
fester retainer nachteile,retainer,50,,170,,,,,keine CPC-Daten
retainer selbst entfernen,retainer,50,,90,,,,,keine CPC-Daten
invisalign bonn,aligner/invisalign,50,2.47,170,3.24,,,2.86,
retainer schmerzen nach jahren,retainer,50,,70,,,,,keine CPC-Daten
invisalign bilder,aligner/invisalign,50,,70,0.93,,,0.93,
invisalign ratenzahlung,aligner/invisalign,50,1.75,90,1.64,,,1.69,
retainer oberkiefer erfahrungen,retainer,50,,110,,,,,keine CPC-Daten
kieferfehlstellung ohne op korrigieren,sonstiges,50,0.62,140,0.54,,,0.58,
untere zähne schief,auslöser,50,1.46,70,0.64,,,1.05,Quellen weichen ab
zahnfehlstellung schneidezähne,auslöser,50,,170,0.84,,,0.84,
bestes zahnbleaching,bleaching,50,0.61,90,0.5,,,0.55,
zahn bleaching kosten,kosten,50,0.64,100,0.55,,,0.59,
zahnseide mit retainer,retainer,40,,70,,,,,keine CPC-Daten
kosmetisches bleaching erfahrungen,erfahrung,40,0.86,90,0.59,,,0.72,
schiefer schneidezahn,auslöser,40,0.75,70,1.03,,,0.89,
zähne gerade machen erwachsene,sonstiges,40,1.02,50,1.29,,,1.16,
zahn gerade machen,sonstiges,40,1.49,70,1.12,,,1.31,
nach zahnspange draht,sonstiges,40,,110,,,,,keine CPC-Daten
zähne bleaching berlin kosten,kosten,40,0.72,90,0.64,,,0.68,
retainer löst sich immer wieder,retainer,40,,90,,,,,keine CPC-Daten
invisalign attachments stören,aligner/invisalign,40,,90,,,,,keine CPC-Daten
retainer kaputt was tun,retainer,40,,90,,,,,keine CPC-Daten
zähne bleaching kosten berlin,kosten,40,0.72,90,0.64,,,0.68,
zähne gerade schleifen vorher nachher,sonstiges,30,,70,,,,,keine CPC-Daten
babyzähne schief,auslöser,30,,70,,,,,keine CPC-Daten
zähne begradigen lassen,auslöser,30,1.33,170,1.6,,,1.47,
retainer oberkiefer sinnvoll,retainer,30,,70,,,,,keine CPC-Daten
zähne weißer bekommen,sonstiges,30,0.64,220,0.45,,,0.55,
einzelnen schiefen zahn richten,auslöser,30,0.53,90,0.68,,,0.6,
retainer löst sich was tun,retainer,30,,70,,,,,keine CPC-Daten
home bleaching erfahrungen,erfahrung,30,0.09,90,0.4,,,0.24,Quellen weichen ab
wie lange retainer,retainer,30,,70,,,,,keine CPC-Daten
schiefe vorderzähne,auslöser,30,,90,0.81,,,0.81,
bleaching kosten frankfurt,kosten,30,0.54,90,0.48,,,0.51,
retainer deutsch,retainer,30,,70,,,,,keine CPC-Daten
zahnbleaching kosten,kosten,30,0.64,100,0.55,,,0.59,
ist bleaching gut für die zähne,bleaching,30,0.48,90,0.37,,,0.42,
backenzähne schief,auslöser,30,,70,1.07,,,1.07,
zähne weiß bekommen,sonstiges,30,0.64,220,0.45,,,0.55,
bleaching zähne preis,kosten,30,0.69,180,0.57,,,0.63,
bleaching frankfurt kosten,kosten,30,0.54,90,0.48,,,0.51,
home bleaching erfahrung,erfahrung,30,0.09,90,0.4,,,0.24,Quellen weichen ab
retainer garantie,retainer,30,,70,,,,,keine CPC-Daten
aligner zahnspange,aligner/invisalign,20,1.05,480,,,,1.05,
invisalign konstanz,aligner/invisalign,20,1.55,70,1.55,,,1.55,
zahnschiene kosten,kosten,20,0.94,100,1.1,,,1.02,
invisalign beratung,aligner/invisalign,20,1.37,50,1.77,,,1.57,
retainer zahnspange,retainer,20,,80,,,,,keine CPC-Daten
zahnspange durchsichtige,aligner/invisalign,20,1.37,480,1.35,,,1.36,
kosten zahnschiene,kosten,20,0.94,100,1.1,,,1.02,
zähne weißer machen,sonstiges,20,0.68,90,0.48,,,0.58,
vorderzähne schief,auslöser,20,0.86,90,0.81,,,0.83,
zähne weiß machen,sonstiges,20,0.68,90,0.48,,,0.58,
gerade zähne in kurzer zeit,sonstiges,20,,90,,,,,keine CPC-Daten
invisalign schiene steht ab,aligner/invisalign,20,,90,,,,,keine CPC-Daten
feiern gehen mit invisalign,aligner/invisalign,20,,70,,,,,keine CPC-Daten
kosten retainer,retainer,20,0.87,120,0.72,,,0.79,
bleaching gel for teeth,bleaching,10,,140,0.18,,,0.18,
digitaler retainer,retainer,10,,110,,,,,keine CPC-Daten
was ist ein retainer,retainer,10,0.86,590,,,,0.86,
kosten zahnschienen,kosten,10,,100,,,,,keine CPC-Daten
aligner test,erfahrung,10,1.41,390,1.51,,,1.46,
retainer kfo,retainer,10,1.16,590,0.76,,,0.96,
kieferorthopäde mülheim,lokal,10,,40,,,,,keine CPC-Daten
gebleacht zähne,bleaching,10,,260,0.46,,,0.46,
augenbraue bleaching,bleaching,10,0.08,590,0.17,,,0.12,Quellen weichen ab
professionelle zahnreinigung mülheim,lokal,10,,,,,,,keine CPC-Daten
klebe retainer,retainer,10,,210,0.25,,,0.25,
kiefergelenk knacken,knirschen/funktion,10,0.04,,,,,0.04,
zahnarzt mülheim an der ruhr,lokal,10,,,,,,,keine CPC-Daten
zahnschienen kosten,kosten,10,,100,,,,,keine CPC-Daten
zahn korrektur schiene kosten,kosten,10,,70,1.36,,,1.36,
bleaching für die zähne,bleaching,10,0.8,160,0.67,,,0.74,
durchsichtige zahnspangen,aligner/invisalign,10,,90,,,,,keine CPC-Daten
aufhellen der zähne,bleaching,10,0.63,160,0.48,,,0.55,
zähne begradigen krankenkasse,auslöser,10,,70,1.02,,,1.02,
zähne gerade ohne spange,sonstiges,10,1.67,50,1.07,,,1.37,
