Keyword,Difficulty,"Search vol.","Search intent","SERP features",CPC,Competition
bleaching,68,40500,"L, C","Local pack, Reviews, Video, People also ask, Images, Related searches",0.68,0.17
invisalign,67,33100,"L, C","Local pack, Reviews, Video, People also ask, Images, Find results on, Related searches",1.55,0.47
retainer,72,27100,I,"Video, People also ask, Images, AI Overview, Related searches",0.86,0.03
schnarchschiene,65,12100,I,"Reviews, Video, People also ask, Images, Find results on, Related searches",0.52,1
"zähne bleaching",73,10800,"L, C","Local pack, Video, People also ask, Images, Related searches",0.8,1
knirschschiene,60,9900,I,"Video, People also ask, Images, Find results on, Related searches",0.15,1
aligner,84,8000,"L, C","Local pack, Reviews, Video, People also ask, Images, Related searches",1.28,0.37
"zähne aufhellen",73,6600,"L, C","Local pack, Video, People also ask, Images, Bottom Ads, Related searches",0.63,1
"retainer zähne",69,5700,I,"Video, People also ask, AI Overview, Related searches",0.73,0.05
zahnbleaching,58,5400,"L, C","Local pack, Video, People also ask, Images, Related searches",0.88,1
zahnaufhellung,72,4400,"L, C","Local pack, Reviews, Video, People also ask, Images, Find results on, Related searches, Sites",0.71,1
"professionelle zahnreinigung kosten",75,4400,I,"Reviews, Video, People also ask, AI Overview, Related searches",0.62,0.28
zahnschienen,36,3600,I,"Video, People also ask, Images, AI Overview",1.3,0.81
"schiefe zähne",48,2900,I,"Video, People also ask, AI Overview",0,0
"bleaching kosten",40,2900,I,"People also ask, Images, AI Overview",0.54,0.49
"invisalign kosten",66,2400,I,"Video, People also ask, Images, AI Overview, Related searches",0,0
aligners,66,2400,I,"Video, People also ask, Images",1.28,0.37
"bleaching zähne",63,1800,"L, C","Local pack, Video, People also ask, Images, Related searches",0.74,1
"zähne weiß",64,1800,I,"Video, People also ask, Images, Bottom Ads, AI Overview",0.58,1
retainers,75,1600,I,"Reviews, Video, People also ask, Images, Find results on",0.86,0.03
"zahn bleaching",44,1500,"L, C","Local pack, People also ask, Images",0.86,1
"zahnarzt mülheim",65,1300,"L, C","Local pack, Reviews, Video, People also ask, Images, Find results on, Related searches",0,0
"zähne weißer",11,880,I,"Video, People also ask, Images, AI Overview, Related searches",0.58,1
"durchsichtige zahnspange",11,810,I,"Video, People also ask, Images, Related searches",0,0
"zähne richten lassen",4,590,I,"Reviews, Video, People also ask, Images, Bottom Ads, AI Overview, Related searches",1.21,0.69
"bleaching zahnpasta",11,590,I,"Video, People also ask, Images, Bottom Ads",0.52,1
"invisalign zahnspange",9,590,"L, C","Local pack, Reviews, Video, People also ask, Images, Related searches",0,0
"invisalign berlin",8,590,"L, C","Local pack, Reviews, Video, People also ask, Images, Find results on, Related searches",0,0
"zahnbleaching köln",6,590,"L, C","Local pack, Reviews, Video, People also ask, Images, Find results on, Related searches",0.94,0.8
"zähne bleaching hamburg",3,590,"L, C","Local pack, Video, People also ask, Images, Find results on, Related searches",1.13,0.83
"zahnpasta bleaching",9,590,I,"Video, People also ask, Images, Related searches",0.52,1
"retainer kieferorthopädie",4,590,I,"Video, People also ask, Images, AI Overview",0,0
"aligner schiene",4,590,I,"Video, People also ask, Images",0,0
"köln zahnbleaching",6,590,"L, C","Local pack, Reviews, Video, People also ask, Find results on, Related searches",0.94,0.8
"zahnzusatzversicherung invisalign",9,590,I,"Reviews, Video, People also ask, Images, Bottom Ads, AI Overview, Related searches",0,0
"invisalign zahnzusatzversicherung",9,590,I,"Video, People also ask, AI Overview, Related searches",0,0
"invisalign before and after",14,590,I,"Video, People also ask, Images, AI Overview, Related searches",1.8,0.06
"before after invisalign",14,590,I,"Video, People also ask, Related searches",1.8,0.06
"zahn bleaching köln",6,590,"L, C","Local pack, Reviews, Video, People also ask, Images, Find results on, Related searches",0.94,0.8
"zahnaufhellung zuhause",24,590,I,"People also ask, Images, Related searches",0.55,1
"schiefe zähne frau",5,590,I,"Video, People also ask, AI Overview, Related searches",0,0
"retainer kieferorthopäde",13,590,I,"Video, People also ask, Images, Related searches",0,0
"hamburg zähne bleaching",3,590,"L, C","Local pack, Video, People also ask, Find results on, Related searches",1.13,0.83
"bleaching zähne hamburg",3,590,"L, C","Local pack, People also ask, Images, Find results on, Related searches",1.13,0.83
"bleach zahnpasta",9,590,I,"Reviews, Video, People also ask, Images, Bottom Ads, Find results on",0.52,1
"zahnpasta mit bleaching",8,590,I,"Reviews, Video, People also ask, Find results on, Related searches",0.52,1
bleaching-zahnpasta,13,590,I,"Reviews, People also ask, Images, Bottom Ads",0.52,1
"bleaching zahnarzt",10,540,"L, C","Local pack, Video, People also ask, Images, Related searches",0.82,0.69
"zahnbleaching berlin",3,480,"L, C","Local pack, Reviews, People also ask, Bottom Ads, Related searches",1.25,0.91
"zahnbleaching düsseldorf",4,480,"L, C","Local pack, Reviews, Video, People also ask, Images, Bottom Ads, Find results on, Related searches",0.69,0.68
"schiefe zähne kinder",5,480,I,"Video, People also ask, AI Overview, Related searches",0,0
"retainer oberkiefer",6,480,I,"Video, People also ask, AI Overview, Related searches",0,0
"zähne bleaching köln",6,480,"L, C","Local pack, Reviews, Video, People also ask, Images, Find results on, Related searches",1.03,0.81
"zähneknirschen was tun",13,480,I,"Video, People also ask, Images, Bottom Ads, AI Overview, Related searches",0.04,0.96
"zähne bleaching düsseldorf",4,480,"L, C","Local pack, Video, People also ask, Images, Find results on, Related searches",1.04,0.77
"zahnaufhellung zahnarzt",14,480,"L, C","Local pack, Video, People also ask, Images, Find results on, Related searches",0,0
"zahnspange draht",14,480,I,"Video, People also ask, Related searches",0,0
"zähne zuhause aufhellen",15,480,I,"Video, People also ask, Images, Bottom Ads, AI Overview, Related searches",0.53,1
"wie viel kostet bleaching beim zahnarzt",8,480,I,"Video, People also ask, Bottom Ads, AI Overview, Related searches",0.71,0.25
"wie viel kostet ein bleaching beim zahnarzt",8,480,I,"Video, People also ask, AI Overview, Related searches",0,0
"zuhause zähne aufhellen",15,480,I,"Video, People also ask, Images, AI Overview, Related searches",0.53,1
"kiefer schief",6,480,I,"Video, People also ask, Bottom Ads, AI Overview, Related searches",0,0
"retainer draht",7,480,I,"Video, People also ask, Images, Related searches",0.61,0.16
"zahnarzt zahnaufhellung",10,480,"L, C","Local pack, Video, People also ask, Images, Related searches",0,0
"unsichtbare zahnschiene",11,480,I,"Video, People also ask, Images, Bottom Ads, Related searches, Image",0,0
"unsichtbare zahnschienen",11,480,I,"Video, People also ask, Images, Bottom Ads, AI Overview, Related searches",0,0
"zahnaufhellung beim zahnarzt",16,480,I,"Video, People also ask, Images, AI Overview, Related searches, Image",0,0
"bleaching zähne düsseldorf",4,480,"L, C","Local pack, Video, People also ask, Images, Find results on, Related searches",1.04,0.77
"kiefer ist schief",9,480,I,"Video, People also ask, Images, Bottom Ads, AI Overview, Related searches",0,0
"zahn bleaching düsseldorf",4,480,"L, C","Local pack, Video, People also ask, Images, Find results on, Related searches",0.69,0.68
"zahn-bleaching düsseldorf",4,480,"L, C","Local pack, Video, People also ask, Find results on, Related searches",0.69,0.68
retainer-draht,7,480,I,"Video, People also ask, Related searches",0.61,0.16
"invisaligns erfahrungen",7,440,I,"Video, People also ask, Images, Bottom Ads, AI Overview",0.75,0.24
invisaligns,9,410,"L, C","Local pack, Reviews, Video, People also ask, Images, Find results on, Related searches",1.55,0.47
"bleaching stuttgart",3,390,"L, C","Local pack, Video, People also ask, Images, Find results on, Related searches",0.72,0.8
"zähne richten",5,390,I,"Reviews, People also ask, Images, Bottom Ads, AI Overview, Related searches",1.38,0.77
"drähte nach zahnspange",6,390,I,"Video, People also ask, Images, AI Overview, Related searches",0,0
"draht nach zahnspange",6,390,I,"Video, People also ask, Images, Bottom Ads, AI Overview, Related searches",0,0
"durchsichtige zahnspange kosten",15,390,I,"Video, People also ask, Images, Bottom Ads, AI Overview, Related searches",0,0
"wie bekomme ich meine zähne weiß",10,390,I,"People also ask, Images, AI Overview, Related searches",0.62,1
"wie bekomme ich meine zähne weißer",10,390,I,"People also ask, Images, Bottom Ads, AI Overview, Related searches",0.62,1
"zahnbleaching frankfurt",5,390,"L, C","Local pack, Video, People also ask, Images, Find results on, Related searches",1.33,0.82
"zahnbleaching hamburg",6,390,"L, C","Local pack, Reviews, Video, People also ask, Images, Find results on, Related searches",1.3,0.87
"in office bleaching",14,390,"L, C","Local pack, Video, People also ask, Images, Bottom Ads, Related searches",0.79,0.75
zahnaufheller,27,390,I,"Reviews, Video, People also ask, Images, Find results on, Related searches",0.7,1
"bleaching zähne münchen",7,390,I,"Video, People also ask, Related searches, Sites",1.5,0.89
"zähne bleaching selber",11,390,I,"People also ask, Images, AI Overview, Related searches",0.46,1
"wie viel kostet zahnbleaching",9,390,I,"Video, People also ask, Images, AI Overview, Related searches",0.67,0.36
"selber zähne bleachen",14,390,I,"Video, People also ask, Bottom Ads, AI Overview, Related searches",0.46,1
"was macht zähne weiß",13,390,I,"Video, People also ask, Images, AI Overview, Related searches",0.63,0.99
"zahnschiene gerade zähne",13,390,I,"Video, People also ask, Images, Bottom Ads, Related searches",0,0
"zähne bleaching münchen",10,390,"L, C","Local pack, Reviews, Video, People also ask, Images, Find results on, Related searches",1.5,0.89
"bleaching bonn",6,390,"L, C","Local pack, Reviews, Video, People also ask, Find results on, Related searches",1.28,0.1
"zahnarzt zahnbleaching",10,390,"L, C","Local pack, Video, People also ask, Related searches",0.91,0.61
"stuttgart bleaching",3,390,"L, C","Local pack, Video, People also ask, Find results on, Related searches",0.72,0.8
"zahnbleaching beim zahnarzt",14,390,"L, C","Local pack, Reviews, Video, People also ask, Images, Bottom Ads, Related searches",0.91,0.61
"was macht die zähne weiß",15,390,I,"Video, People also ask, Images, AI Overview, Related searches",0.63,0.99
"was macht zähne weißer",17,390,I,"Video, People also ask, Images, AI Overview, Related searches",0.63,0.99
"kosten durchsichtige zahnspange",6,390,I,"Video, People also ask, Images, AI Overview, Related searches",0,0
"invisalign chewies",8,390,I,"Video, People also ask, Images, Related searches, Image",0.09,1
lingualretainer,4,390,I,"Video, People also ask, Images, AI Overview, Related searches",1.11,0.03
"cmd kiefergelenk",16,390,I,"Video, People also ask, Images, AI Overview, Related searches",0,0
"bleaching in stuttgart",7,390,"L, C","Local pack, Video, People also ask, Images, Top Ads, Bottom Ads, Find results on",0.72,0.8
"retainer teeth",42,390,I,"Video, People also ask, AI Overview, Related searches",1.45,0.24
"schiefe zähne schlimm",6,390,I,"Video, People also ask, Images, Bottom Ads, AI Overview, Related searches",0,0
"schiefe zähne selber richten",5,390,I,"Video, People also ask, Images, AI Overview, Related searches",0,0
"zahnschiene für gerade zähne",14,390,I,"Reviews, Video, People also ask, Images, Bottom Ads, Related searches, Image",0,0
"zahnbleaching zahnarzt",10,390,"L, C","Local pack, Video, People also ask, Images, Related searches",0.91,0.61
"invisalign schlechte erfahrungen",7,390,I,"Video, People also ask, Images, AI Overview, Related searches",0,0
"zahn aufheller",23,390,I,"Video, People also ask, Images, Find results on, Related searches",0.7,1
"zahn bleaching frankfurt",6,390,"L, C","Local pack, Video, People also ask, Images, Find results on, Related searches",1.33,0.82
"retainer draht gelöst kosten",7,390,I,"Reviews, People also ask, Images, AI Overview, Related searches",0,0
retainern,15,390,I,"Video, People also ask, Images, AI Overview, Related searches",0.86,0.03
"zahn bleaching hamburg",3,390,"L, C","Local pack, People also ask, Images, Find results on, Related searches",1.3,0.87
"retainer draht gelöst",6,390,I,"Video, People also ask, Images, AI Overview, Related searches",1.94,0.04
"wie viel kostet ein zahnbleaching",9,390,I,"Video, People also ask, AI Overview, Related searches",0.67,0.36
"was macht die zähne weißer",13,390,I,"Video, People also ask, Images, Bottom Ads, AI Overview, Related searches",0.63,0.99
"zahnbleaching in der nähe",5,390,"L, C","Local pack, People also ask, Find results on, Related searches",0.73,0.71
"zahnschienen gerade zähne",16,390,"L, C","Local pack, Reviews, Video, People also ask, Top Ads, Bottom Ads, Related searches",1.52,0.94
"aligner zähne",18,390,"L, C","Local pack, Reviews, Video, People also ask, Images, Bottom Ads, Related searches",1.19,0.48
"zahn bleaching zahnarzt",10,390,"L, C","Local pack, Video, People also ask, Images, Find results on, Related searches",0.91,0.61
"zahn-bleaching zahnarzt",10,390,"L, C","Local pack, Video, People also ask, Find results on, Related searches",0.91,0.61
"zahnschienen vorher-nachher",6,390,I,"Video, People also ask, Bottom Ads, AI Overview, Related searches",0,0
"lingual retainer",4,390,I,"Video, People also ask, Images, Related searches",1.11,0.03
"chewies invisalign",7,390,I,"Video, People also ask, Images, Related searches",0.09,1
"aligner zahnarzt",15,390,"L, C","Local pack, Reviews, Video, People also ask, Images, Related searches",1.19,0.48
"mouth retainer",25,390,I,"Video, People also ask, Images, Related searches",1.45,0.24
"schnuller zähne schief",6,390,I,"Video, People also ask, Images, AI Overview, Related searches",0,0.09
"zahnbleaching münchen",14,320,"L, C","Local pack, Reviews, Video, People also ask, Find results on, Related searches",1.25,0.81
"clear aligner",12,320,I,"Video, People also ask, Images, Bottom Ads, AI Overview, Related searches, Image",0,0
"clear alignern",6,320,I,"Video, People also ask, Images, Bottom Ads, Related searches",1.3,0.41
"zahnspange hinter den zähnen",5,320,I,"Reviews, Video, People also ask, Images, Bottom Ads, AI Overview, Related searches",0,0
"retainer entfernen kosten",7,320,I,"Reviews, Video, People also ask, AI Overview, Related searches",1.34,0.04
"teeth bleaching",38,320,"L, C","Local pack, Video, People also ask, Images, Related searches",0.92,1
"bleaching düsseldorf",4,320,"L, C","Local pack, Video, People also ask, Images, Related searches",1.02,0.69
"bleaching set",15,320,"L, C","Local pack, Reviews, Video, People also ask, Images, Find results on, Related searches",0.81,1
"invisible zahnspange",5,320,I,"Reviews, Video, People also ask, Images, Bottom Ads, AI Overview, Related searches",0,0
"invisalign münchen",23,320,"L, C","Local pack, Reviews, People also ask, Images, Bottom Ads, Find results on, Related searches",0,0
"wie viel kostet bleaching",8,320,I,"Reviews, Video, People also ask, Images, Bottom Ads, AI Overview, Related searches",0.69,0.27
"zahnbleaching stuttgart",3,320,"L, C","Local pack, Video, People also ask, Images, Find results on, Related searches",0.87,0.64
"zähne bleaching stuttgart",3,320,"L, C","Local pack, Video, People also ask, Images, Find results on, Related searches",0.75,0.76
"invisalign hannover",5,320,I,"People also ask, Related searches, Sites",0,0
"invisalign behandlungsdauer",4,320,I,"People also ask, Images, AI Overview, Related searches",0,0
"zahnspange unsichtbar kosten",16,320,I,"Video, People also ask, Bottom Ads, AI Overview, Related searches",0,0
"zahnaufhellung frankfurt",6,320,"L, C","Reviews, Video, People also ask, Images, GBP, Related searches",0.86,0.41
"bleaching nürnberg",5,320,"L, C","Reviews, Video, People also ask, Images, GBP, Related searches",0.9,0.36
"invisalign behandlung",8,320,"L, C","Local pack, Reviews, Video, People also ask, Images, Related searches",0,0
alignern,23,320,I,"Video, People also ask, Images, Bottom Ads, AI Overview, Related searches",1.35,0.37
"wie viel kostet ein bleaching",8,320,I,"Reviews, Video, People also ask, Bottom Ads, AI Overview, Related searches",0.69,0.27
"zähne bleachen stuttgart",3,320,"L, C","Reviews, Video, People also ask, Images, GBP, AI Overview, Related searches",0.75,0.76
"wie viel kostet bleaching zähne",9,320,I,"Video, People also ask, Images, AI Overview, Related searches",0.68,0.44
"wie viel kostet zähne bleaching",8,320,I,"Video, People also ask, Images, Bottom Ads, AI Overview, Related searches",0.68,0.44
"transparente zahnspange",11,320,I,"Video, People also ask, Images, Related searches",0,0
"zahnspange transparent",11,320,I,"Video, People also ask, AI Overview, Related searches",0,0
"invisalign behandlungsablauf",3,320,I,"Video, People also ask, AI Overview, Related searches",0,0
"schiefe zähne erwachsene",5,320,I,"Video, People also ask, Images, Bottom Ads, AI Overview, Related searches",0,0
"fläsh bleaching kosten",13,320,I,"People also ask, Images, AI Overview, Related searches",0.54,0.34
"invisalign retainer",6,320,I,"People also ask, Images, AI Overview, Related searches",0.85,0.2
"retainer invisalign",6,320,I,"Video, People also ask, Images, Bottom Ads",0.85,0.2
"retainer zahnseide",9,320,"L, C","Local pack, Reviews, Video, People also ask, Images, Related searches",0.09,1
"invisalign near me",10,320,"L, C","Local pack, Reviews, Video, People also ask, Related searches",0,0
"teeth whitening bleach",40,320,I,"Video, People also ask, Images, Bottom Ads, Find results on, Related searches",0.92,1
"interne bleaching",6,320,"L, C","Local pack, Video, People also ask, Images, Related searches",0.93,0.56
"invisalign luft zwischen schiene und zahn",6,320,I,"Video, People also ask, Images, AI Overview, Related searches",0,0
"stuttgart zähne bleaching",4,320,"L, C","Reviews, Video, People also ask, Bottom Ads, GBP, Related searches",0.75,0.76
"münchen zahnbleaching",7,320,I,"Video, People also ask, Related searches",1.25,0.81
"transparente zahnspangen",7,320,"L, C","Local pack, Reviews, Video, People also ask, Images, Related searches",0,0
"wie viel kostet es sich die zähne zu bleachen",16,320,I,"Video, People also ask, AI Overview, Related searches",0.68,0.44
"herausnehmbarer retainer",6,320,I,"Video, People also ask, Images, AI Overview, Related searches",1.08,0.07
"retainer zahnstein",6,320,I,"Video, People also ask, Images, AI Overview, Related searches",0,0.16
"düsseldorf bleaching",4,320,"L, C","Local pack, Video, People also ask, Find results on, Related searches",1.02,0.69
"zahn bleaching stuttgart",3,320,"L, C","Local pack, Video, People also ask, Images, Find results on, Related searches",0.87,0.64
"bleaching zähne stuttgart",4,320,"L, C","Reviews, Video, People also ask, Bottom Ads, GBP, Related searches",0.75,0.76
"schmerzen beim bleaching",5,320,I,"Video, People also ask, AI Overview, Related searches",0,0
"transparent zahnspange",6,320,I,"Video, People also ask, Images, Bottom Ads, AI Overview, Related searches",0,0
"zahnpasta die zähne weißer macht",13,320,I,"Video, People also ask, Images, Related searches",0.56,1
"zahnpasta die die zähne weißer macht",15,320,I,"Video, People also ask, Images",0.56,1
"zahnpasta die zähne weiß macht",13,320,I,"Video, People also ask, Images, Find results on, Related searches",0.56,1
"invisible zahnspangen",8,320,"L, C","Local pack, Reviews, Video, People also ask, Images, Bottom Ads, Related searches",0,0
"bleaching sets",15,320,I,"Reviews, Video, People also ask, Images, Find results on, Related searches",0.81,1
"retention zahn",12,320,I,"Video, People also ask, Images, Bottom Ads, AI Overview, Related searches",0,0
"wie viel kostet es sich die zähne zu bleaching",8,320,I,"Video, People also ask, Bottom Ads, AI Overview, Related searches",0.68,0.44
"aligner-schiene nachteile",14,320,I,"Video, People also ask, AI Overview, Related searches",0,0
"bleaching in meiner nähe",4,320,"L, C","Local pack, People also ask, Find results on, Related searches",0,0.64
"invisibles zahnspange",12,320,I,"Video, People also ask, Images, AI Overview, Related searches",0,0
"invisalign retainers",15,320,I,"Video, People also ask, Images, AI Overview, Related searches",0.85,0.2
"zahnpasta zähne weiß macht",13,320,I,"Reviews, Video, People also ask, Related searches",0.56,1
"schiefe zähne erwachsener",5,320,I,"Video, People also ask, Images, AI Overview, Related searches",0,0
"retainer nach zahnspange",6,320,I,"Video, People also ask, Images, AI Overview, Related searches",0,0
"invisalign hildesheim",6,320,"L, C","Local pack, Reviews, Video, People also ask, Bottom Ads, Find results on, Related searches",2.14,0.03
"bleaching beim zahnarzt",14,290,"L, C","Local pack, Video, People also ask, Images, Related searches",0.82,0.69
"retainer kosten",7,270,I,"Reviews, Video, People also ask, Images, AI Overview, Related searches",0.87,0.12
"schienen zähne",20,270,I,"Video, People also ask, Images, Bottom Ads, Related searches",1.3,0.81
"professionelles zahnbleaching",13,260,"L, C","Local pack, Video, People also ask, Images, Related searches",0.82,1
"professionelle zahnaufhellung",9,260,"L, C","Local pack, Video, People also ask, Images, Related searches",0.71,0.97
"zähne begradigen",10,260,I,"Video, People also ask, Images, AI Overview, Related searches",1.51,0.74
"invisalign nachteile",5,260,I,"Video, People also ask, Images, AI Overview, Related searches",0,0
"schnarchschiene kosten",29,260,I,"Reviews, Video, People also ask, Related searches",0.38,1
"zähne verschieben sich",2,260,I,"Video, People also ask, Images, Bottom Ads, AI Overview, Related searches",0.57,0.18
"unsichtbare zahnspangen kosten",10,260,I,"Video, People also ask, AI Overview, Related searches",1.04,0.55
"zahnspange durchsichtige brackets",6,260,I,"Video, People also ask, AI Overview, Related searches, Image",0,0
"bleaching hildesheim",4,260,"L, C","Local pack, Reviews, Video, People also ask, Images, Find results on, Related searches",0.54,0.36
"zahnaufhellung kosten beim zahnarzt",8,260,I,"Video, People also ask, Bottom Ads, AI Overview, Related searches",0,0
"zähne aufhellen wasserstoffperoxid",8,260,I,"Video, People also ask, AI Overview, Related searches",0.52,0.96
"invisalign nürnberg",18,260,"L, C","Local pack, Reviews, People also ask, Images, Related searches",0,0
"aligner schienen kosten",19,260,I,"Video, People also ask, Images, Related searches",0,0
"schiene kieferorthopädie",11,260,I,"Video, People also ask, Images, Bottom Ads, Related searches",0,0
"invisalign cost",25,260,I,"People also ask, AI Overview, Related searches",0,0
"invisalign hamburg",13,260,"L, C","Local pack, Reviews, People also ask, Images, Find results on, Related searches",0,0
"invisalign preis",6,260,I,"Video, People also ask, Images, Bottom Ads, AI Overview, Related searches",0,0
"zähne bleaching preis",5,260,I,"Video, People also ask, Images, Related searches",0.68,0.52
"zahnaufhellung kosten zahnarzt",8,260,I,"Video, People also ask, AI Overview, Related searches",0.6,0.41
"zahnarzt zahnaufhellung kosten",8,260,"L, C","Local pack, Video, People also ask, Related searches",0,0
"zahnaufhellung zahnarzt kosten",8,260,I,"Video, People also ask, Bottom Ads, AI Overview, Related searches",0,0
"was kostet zahnbleaching beim zahnarzt",8,260,I,"Video, People also ask, AI Overview, Related searches",0.54,0.36
"zähne weiß machen zahnarzt",9,260,I,"Reviews, Video, People also ask, Bottom Ads, AI Overview, Related searches",0,0
"zahnaufhellung beim zahnarzt kosten",8,260,I,"Video, People also ask, Bottom Ads, AI Overview, Related searches",0,0
"kosten zahnaufhellung beim zahnarzt",9,260,I,"Video, People also ask, AI Overview, Related searches",0,0
"bleaching zähne dm",9,260,I,"Video, People also ask, Bottom Ads, Related searches",0.03,1
"zähne weiß machen beim zahnarzt",15,260,I,"Video, People also ask, Images, AI Overview, Related searches",0,0
"invisalign dauer",5,260,I,"People also ask, Images, AI Overview, Related searches",0,0
"kieferorthopädische schiene",27,260,I,"Video, People also ask, Images, AI Overview, Related searches",0,0
"durchsichtige schiene",11,260,I,"Video, People also ask, Images, Related searches",0,0
"professionelle zahnbleaching",4,260,"L, C","Local pack, Reviews, Video, People also ask, Images, Related searches, Image",0.82,1
"zahnaufhellung berlin",4,260,"L, C","Local pack, Video, People also ask, Find results on, Related searches",1.08,0.77
"invisalign kosten aok",20,260,I,"People also ask, AI Overview, Related searches",0,0
"vip invisalign",11,260,I,"Video, Images, AI Overview, Related searches",0,0.03
"schienen zur zahnkorrektur",19,260,I,"Video, People also ask, Images, Related searches",0,0
"zahnbleaching gerät",12,260,I,"Video, People also ask, Images, Find results on, Related searches",0.31,1
"aligner behandlung",26,260,I,"Video, People also ask, Images, Bottom Ads, AI Overview, Related searches",0,0
"zahnspange brackets durchsichtig",5,260,I,"Video, People also ask, Bottom Ads, Related searches",0,0
"zahnspangen unsichtbar kosten",12,260,I,"Reviews, Video, People also ask, Bottom Ads, AI Overview, Related searches",1.04,0.55
"wie viel kostet invisalign",6,260,I,"Video, People also ask, Images, AI Overview, Related searches",0,0
"kosten zahnaufhellung zahnarzt",8,260,I,"Reviews, Video, People also ask, Bottom Ads, AI Overview, Related searches",0,0
"professionelle zahn bleaching",5,260,"L, C","Local pack, Video, People also ask, Images, Related searches",0.82,1
"kosten für unsichtbare zahnspange",16,260,I,"Video, People also ask, AI Overview",1.04,0.55
"zahnaufhellung professionell",15,260,"L, C","Local pack, Video, People also ask, Images, Related searches",0.71,0.97
"kosten aligner schienen",19,260,I,"Reviews, Video, People also ask, Bottom Ads, Related searches",0,0
"zähne weißer machen beim zahnarzt",15,260,I,"Reviews, Video, People also ask, Bottom Ads, AI Overview, Related searches",0,0
"preis invisalign",5,260,I,"Video, People also ask, Images, AI Overview, Related searches, Image",0,0
"welches zahnpasta macht die zähne weiß",9,260,I,"Reviews, Video, People also ask, Images, Bottom Ads, Find results on, Related searches",0.53,1
"nachteile invisalign",5,260,I,"Video, People also ask, AI Overview, Related searches",0,0
"zähne verschieben sich mit 60",3,260,I,"Video, People also ask, Images, Bottom Ads, AI Overview, Related searches",0,0
"professionelles zahn bleaching",9,260,"L, C","Local pack, Video, People also ask, Related searches",0.82,1
"kieferorthopäde retainer",12,260,I,"Video, People also ask, Images, Bottom Ads, AI Overview, Related searches",0,0
"festsitzender retainer",6,260,I,"Reviews, Video, People also ask, Images, AI Overview, Related searches",1.92,0.02
"wie lange retainer tragen",5,260,I,"Video, People also ask, Images, Bottom Ads, AI Overview, Related searches",0,0.01
"durchsichtige schienen",11,260,I,"Reviews, Video, People also ask, Images, Bottom Ads, Related searches",0,0
"zahnkorrektur mit schienen",27,260,I,"Video, People also ask, Images, Bottom Ads, AI Overview, Related searches",0,0
"chewy for invisalign",19,260,I,"Video, People also ask, Images",0,0
"kieferorthopäde schiene",15,260,"L, C","Local pack, Reviews, Video, People also ask, Images, Bottom Ads, Related searches",0,0
"zahnschienen zur korrektur erfahrungen",8,260,I,"Reviews, Video, People also ask, Images, Bottom Ads, AI Overview, Related searches",0,0
"zähne bleaching preise",4,260,I,"Video, People also ask, AI Overview, Related searches",0.68,0.52
"weiße diät nach bleaching wie lange",4,260,I,"People also ask, AI Overview, Related searches",0,0.01
"was ist bleaching",21,260,I,"Video, People also ask, Images, AI Overview, Related searches",0.55,0.12
"invisalign reddit",23,260,I,"People also ask, Related searches",0,0.01
"aligner-schiene kosten",19,260,I,"Video, People also ask, Related searches",0,0
"retainer gesundheitliche auswirkungen",6,260,I,"Video, People also ask, Images, Bottom Ads, AI Overview, Related searches",0.26,0.02
"kieferorthopädie retainer",8,260,I,"Video, People also ask, Images, AI Overview, Related searches",0,0
"schienen kieferorthopädie",11,260,I,"Video, People also ask, Images, Bottom Ads, AI Overview, Related searches",0,0
"retainer wie lange tragen",5,260,I,"Video, People also ask, Images, Bottom Ads, AI Overview, Related searches",0,0.01
"wie viel kosten invisalign",6,260,I,"Video, People also ask, AI Overview, Related searches",0,0
"kosten bleaching",12,210,I,"Reviews, Video, People also ask, AI Overview",0.65,0.4
"zahnspange invisalign",7,210,"L, C","Local pack, Reviews, Video, People also ask, Images, Bottom Ads, Find results on, Related searches",1.67,0.51
"zähne bleachen lassen",14,210,I,"Video, People also ask, Images, AI Overview, Related searches",0.79,0.73
"zahnspangen invisalign",8,210,"L, C","Local pack, Reviews, Video, People also ask, Images, Related searches",0,0
"zahnbleaching dortmund",3,210,"L, C","Reviews, Video, People also ask, Images, Bottom Ads, GBP",0.62,0.81
"retainer zähne kosten",6,210,I,"Reviews, Video, People also ask, Images, Bottom Ads, AI Overview, Related searches",1.11,0.2
"zähne bleaching frankfurt",7,210,I,"Video, People also ask, Images, Related searches, Sites",0.89,0.83
"zahnaufhellung münchen",21,210,"L, C","Local pack, Reviews, Video, People also ask, Images, Find results on, Related searches",1.5,0.76
"zahnaufhellung düsseldorf",5,210,"L, C","Local pack, Video, People also ask, Images, Find results on, Related searches",0.93,0.75
"zähne bleaching für zuhause",24,210,I,"Video, People also ask, Bottom Ads, Find results on, Related searches",0.63,1
"bleaching powder",6,210,I,"Reviews, Video, Images",0.16,0.95
"zähne bleaching hannover",3,210,"L, C","Reviews, Video, People also ask, Images, GBP, Related searches",0.72,0.77
"zähne bleaching nürnberg",4,210,"L, C","Reviews, Video, People also ask, Images, GBP, Related searches",0.77,0.69
"invisalign zahnarzt",5,210,"L, C","Local pack, Reviews, Video, People also ask, Images, Bottom Ads, Find results on, Related searches",1.45,0.5
"clear aligner invisalign",5,210,"L, C","Local pack, Reviews, People also ask, Images, Bottom Ads, Related searches",1.08,0.3
"kosmetisches zahnbleaching",5,210,"L, C","Local pack, Reviews, Video, People also ask, Images, Related searches",0.72,0.99
"wie teuer ist ein bleaching",21,210,I,"Reviews, Video, People also ask, Images, Related searches",0.57,0.33
"wie teuer ist bleaching",22,210,I,"Reviews, Video, People also ask, Images, AI Overview, Related searches",0.57,0.33
"zähne aufhellen beim zahnarzt kosten",9,210,I,"Video, People also ask, AI Overview, Related searches",0,0
"bleaching wie teuer",4,210,I,"Video, People also ask, Images, Bottom Ads, AI Overview, Related searches",0.57,0.33
"zahnarzt zähne aufhellen kosten",8,210,I,"Video, People also ask, AI Overview, Related searches",0,0
"invisalign preise",5,210,I,"Video, People also ask, Images, AI Overview, Related searches",1.06,0.6
"schiene nach zahnspange",5,210,I,"Video, People also ask, Images, AI Overview, Related searches",0,0
"zähne invisalign",7,210,"L, C","Local pack, Reviews, Video, People also ask, Images, Bottom Ads",0,0
"was ist invisalign",5,210,I,"People also ask, Images, Bottom Ads, AI Overview, Related searches",1.29,0.26
"invisalign zähne",7,210,"L, C","Local pack, Reviews, Video, People also ask, Images, Bottom Ads, Find results on, Related searches",0,0
"zähne begradigen erwachsene",10,210,I,"Video, People also ask, Images, AI Overview, Related searches",1.37,0.75
"zähne aufhellen zahnpasta",8,210,I,"Video, People also ask, Images, Bottom Ads, Find results on, Related searches",0.51,1
"bleaching zähne zu hause",24,210,I,"People also ask, Images, Find results on, Related searches",0.63,1
"invisalign preisvergleich",5,210,I,"Video, People also ask, Bottom Ads, AI Overview, Related searches",1.06,0.6
"invisalign erfahrungen forum",7,210,I,"Reviews, Video, People also ask, Images, Bottom Ads, AI Overview, Related searches",0,0
"material retainer",6,210,I,"Video, People also ask, Images, Bottom Ads, Related searches",0.94,0.05
"retainer kleben kosten",7,210,I,"Reviews, People also ask, AI Overview",0,0
"retainer gebrochen",7,210,I,"Video, People also ask, Images, AI Overview, Related searches",1.38,0.06
"retainer alternative",5,210,I,"Video, People also ask, Images, AI Overview, Related searches",0.54,0.2
"retainer kleben",7,210,I,"Video, People also ask, Images, AI Overview, Related searches",0.58,0.16
"retainer material",6,210,I,"Video, People also ask, Images, AI Overview, Related searches",0.94,0.05
"fester retainer",5,210,I,"Video, People also ask, Images, AI Overview, Related searches",0,0.01
"invisaligns cost",29,210,I,"Reviews, Video, People also ask, Bottom Ads, AI Overview, Related searches",1.15,0.48
"zähne aufhellen zahnarzt kosten",8,210,I,"Video, People also ask, AI Overview, Related searches",0,0
"frankfurt zähne bleaching",18,210,"L, C","Local pack, Reviews, Video, People also ask, Find results on, Related searches",0.89,0.83
"schienen zahnkorrektur",9,210,I,"Video, People also ask, Images, Bottom Ads, AI Overview",1.35,0.78
"invisalign zahnärzte",5,210,"L, C","Local pack, Reviews, Video, People also ask, Images, Find results on, Related searches",0,0
"kieferorthopäde zahnschiene",13,210,"L, C","Local pack, Reviews, Video, People also ask, Images, Bottom Ads, Related searches",0,0
"zahnpasta zum aufhellen der zähne",9,210,I,"Video, People also ask, Find results on, Related searches",0.51,1
"nach invisalign behandlung nicht zufrieden",6,210,I,"Video, People also ask, Images, Bottom Ads, AI Overview, Related searches",0,0
"draht zahnarzt",7,210,"L, C","Local pack, Reviews, Video, People also ask, Images, Find results on, Related searches",0,0
"kosmetische zahnbleaching",5,210,"L, C","Local pack, Reviews, Video, People also ask, Images, Related searches",0.72,0.99
"perlweiss dental bleaching",9,210,I,"Video, People also ask, Images, Bottom Ads, Related searches",0.06,1
"zahnpasta zähne aufhellen",8,210,I,"Video, People also ask, Images, Bottom Ads, Related searches",0.51,1
"retention zähne",9,210,I,"Video, People also ask, Images, AI Overview, Related searches",0,0.01
"durchsichtige zahnspange preis",12,210,I,"Video, People also ask, Images, Related searches",0,0
"zahnschiene kieferorthopädie",16,210,"L, C","Local pack, Reviews, Video, People also ask, Images, Related searches",0,0
"zahn aligner",18,210,I,"Video, People also ask, Images, AI Overview, Related searches",0,0
"align zahnschiene",33,210,I,"Reviews, Video, People also ask, Images, Bottom Ads",1.1,0.63
"invisalign gummi",6,210,I,"Video, People also ask, Images, Bottom Ads, AI Overview, Related searches",0,0
"was kostet ein retainer",7,210,I,"Reviews, Video, People also ask, AI Overview, Related searches",0.58,0.09
"invisalign vorher-nachher überbiss",7,210,I,"Video, People also ask, Bottom Ads, AI Overview, Related searches",0,0
"nach fester zahnspange durchsichtige schiene wie lange",4,210,I,"Video, People also ask, Images, AI Overview, Related searches",0,0
"bleaching in der nähe",4,210,"L, C","Local pack, Video, People also ask, Images, Find results on, Related searches",0.75,0.73
"retainer-schiene kosten",7,210,I,"Video, People also ask, Bottom Ads, Related searches",0,0
"schiefe zähne überkronen vorher nachher",5,210,I,"Video, People also ask, Images, AI Overview, Related searches",0.67,0.06
"invisalign vorher/nachher überbiss",7,210,I,"Video, People also ask, Bottom Ads, AI Overview, Related searches",0,0
"zahn bleaching dortmund",3,210,"L, C","Reviews, Video, People also ask, Bottom Ads, GBP, Related searches",0.62,0.81
"teeth bleaching berlin",8,210,"L, C","Local pack, Reviews, Video, People also ask, Images, Find results on, Related searches, Image",1.36,0.93
"clear aligners invisalign",48,210,I,"Video, People also ask, Images, Bottom Ads, Related searches",1.08,0.3
"zahnschiene kieferorthopäde",13,210,"L, C","Local pack, Reviews, Video, People also ask, Images, Related searches",0,0
"schienen nach zahnspange",5,210,I,"Video, People also ask, Images, AI Overview, Related searches",0,0
"invisalign zahnfleischrückgang",5,210,I,"People also ask, Images, AI Overview, Related searches",0,0
"aligners invisalign",16,210,I,"Video, People also ask, Images, AI Overview, Related searches",1.08,0.3
"aligners for invisalign",43,210,I,"Video, People also ask, Images, Bottom Ads, AI Overview, Related searches",1.08,0.3
"wie teuer bleaching",4,210,I,"Reviews, Video, People also ask, Images, AI Overview, Related searches",0.57,0.33
"bleaching zähne frankfurt",7,210,"L, C","Local pack, Video, People also ask, Find results on, Related searches",0.89,0.83
"zähne bleach",11,190,"L, C","Local pack, Video, People also ask, Images, Related searches",0.8,1
alignerschiene,16,190,I,"Reviews, Video, People also ask, Images, Bottom Ads, AI Overview, Related searches",1.11,0.53
"zähne bleache",11,190,I,"Video, People also ask, Images, Related searches, Sites",0.8,1
"professionelles bleaching",9,170,"L, C","Local pack, Reviews, Video, People also ask, Images, Related searches",0.8,0.91
"spange durchsichtig",5,170,I,"Video, People also ask, Related searches",0,0
"durchsichtige spange",6,170,I,"Video, People also ask, Images",0,0
"invisalign go",5,170,I,"Video, People also ask, Images, Bottom Ads, AI Overview, Related searches",1.68,0.47
zahnweiß,11,170,I,"Reviews, Video, People also ask, Related searches",0.87,1
"bleaching dortmund",3,170,"L, C","Reviews, Video, People also ask, Images, Bottom Ads, GBP, Related searches",0.55,0.74
"bleaching für zuhause",24,170,I,"People also ask, Images, Find results on, Related searches",0.81,1
"bleaching gerät",8,170,I,"Reviews, Video, People also ask, Images, Find results on, Related searches",0.49,1
"bleaching preise",5,170,I,"Reviews, Video, People also ask, Images, Related searches",0.71,0.43
"clear aligner kosten",11,170,I,"People also ask, Images, Bottom Ads, AI Overview, Related searches",0,0
"zähne bleaching kosten",4,170,I,"Reviews, Video, People also ask, Images, Bottom Ads, AI Overview, Related searches",0.59,0.61
"gerade zähne ohne zahnspange",10,170,I,"Video, People also ask, Images, Bottom Ads, AI Overview, Related searches, Image",0,0
"bleaching zähne kosten",9,170,I,"Video, People also ask, Images, AI Overview, Related searches",0.59,0.61
"zahnschiene korrektur",22,170,I,"Video, People also ask, Images, AI Overview, Related searches",0,0
"zahnschienen zur korrektur",17,170,"L, C","Local pack, Reviews, Video, People also ask, Images, Bottom Ads",0,0
"invisalign alternative",5,170,I,"Reviews, Video, People also ask, Images, Bottom Ads, AI Overview, Related searches",1.35,0.68
"schiene zähne kosten",14,170,I,"Video, People also ask, Images, Find results on, Related searches",0,0
"zahnbleaching hannover",3,170,"L, C","Reviews, Video, People also ask, Images, GBP, Related searches",0.71,0.83
"zahnaufhellung köln",5,170,I,"Video, People also ask, Images, Related searches, Sites",0.93,0.78
"zahnaufhellung stuttgart",4,170,"L, C","Reviews, Video, People also ask, Images, GBP, Related searches",0.58,0.74
"bleaching mannheim",2,170,"L, C","Local pack, Reviews, People also ask, Images, Find results on, Related searches",1.11,0.64
"invisalign aligner",6,170,I,"Video, People also ask, Images, AI Overview, Related searches",0,0
"invisalign düsseldorf",4,170,"L, C","Local pack, Reviews, Video, People also ask, Images, Related searches",0,0
"zähne bleaching dortmund",4,170,"L, C","Reviews, Video, People also ask, Images, Bottom Ads, GBP, Related searches",0.6,0.8
"zahnpasta zur zahnaufhellung",8,170,I,"People also ask, Bottom Ads, Find results on, Related searches",0.51,1
"zähne bleaching bremen",15,170,"L, C","Local pack, Reviews, Video, People also ask, Images, Find results on, Related searches",0.54,0.74
"preise bleaching",4,170,I,"Reviews, Video, People also ask, Related searches",0.71,0.43
"was kostet eine zahnaufhellung",16,170,I,"Video, People also ask, AI Overview, Related searches",0.59,0.34
"zahnbleaching leipzig",5,170,"L, C","Local pack, Reviews, Video, People also ask, Images, Find results on, Related searches",0.59,0.83
"was kostet zahnaufhellung",8,170,I,"Reviews, Video, People also ask, Bottom Ads, AI Overview, Related searches",0.59,0.34
"bleaching essen",6,170,"L, C","Reviews, Video, People also ask, Images, GBP, Related searches",0.57,0.53
"zahnaufhellung hamburg",3,170,"L, C","Local pack, Video, People also ask, Images, Bottom Ads, Find results on, Related searches",0.86,0.83
"zähne aufhellen kosten zahnarzt",8,170,I,"Video, People also ask, AI Overview, Related searches",0.61,0.39
"kosten zähne bleaching",4,170,I,"Video, People also ask, Images, AI Overview, Related searches",0.59,0.61
"kosten für zähne bleachen",9,170,I,"Video, People also ask, AI Overview, Related searches",0.59,0.61
"zähne beim zahnarzt aufhellen kosten",9,170,I,"Video, People also ask, AI Overview, Related searches",0.61,0.39
"beste zahnaufhellung",13,170,I,"Video, People also ask, Bottom Ads, Find results on, Related searches",0.69,1
"was kostet eine zahnschiene",15,170,I,"Reviews, People also ask, Images, Bottom Ads, AI Overview, Related searches",0,0
"invisalign überbiss",6,170,I,"Video, People also ask, Images, AI Overview, Related searches",0,0
"invisalign frankfurt",20,170,"L, C","Local pack, Reviews, People also ask, Images, Bottom Ads, Find results on, Related searches, Image",0,0
"invisalign was ist das",5,170,I,"People also ask, Images, Bottom Ads, AI Overview, Related searches",0,0
"zahnspange innen draht",6,170,I,"Reviews, Video, People also ask, Images, Bottom Ads, AI Overview, Related searches",0,0
"zahnspange draht innen",5,170,I,"Video, People also ask, Bottom Ads, Related searches",0,0
"zahnaufhellung zahnpasta",9,170,I,"Video, People also ask, Related searches",0.51,1
"bester zahnaufheller",18,170,I,"Reviews, Video, People also ask, Images, Bottom Ads, Find results on, Related searches",0.69,1
"zahnbleaching essen",6,170,"L, C","Reviews, Video, People also ask, Images, GBP, AI Overview, Related searches",0.69,0.72
"fläsh zahnaufhellung kosten",13,170,I,"Video, People also ask, Images, AI Overview, Related searches",0.46,0.43
"beste zahnaufheller",17,170,I,"Reviews, Video, People also ask",0.69,1
"überbiss invisalign",6,170,I,"Video, People also ask, Images, Bottom Ads, AI Overview, Related searches",0,0
"retainer löst sich",7,170,I,"Video, People also ask, Images, AI Overview, Related searches",0,0.01
"retainer unterkiefer",6,170,I,"Video, People also ask, Bottom Ads, AI Overview, Related searches",0,0
"zähne aufhellen selber",18,170,I,"Video, People also ask, Bottom Ads, AI Overview, Related searches",0.44,1
"bleaching kosten krankenkasse",23,170,I,"People also ask, AI Overview, Related searches",0.63,0.16
"schiefe zähne überkronen",6,170,I,"Video, People also ask, Images, Bottom Ads, AI Overview, Related searches",0,0
"natürlich zahnaufhellung",11,170,I,"People also ask, AI Overview, Related searches",0.5,1
"selber zähne aufhellen",12,170,I,"Video, People also ask, Bottom Ads, AI Overview, Related searches",0.44,1
"invisalign speichel unter der schiene",5,170,I,"Video, People also ask, Images, AI Overview, Related searches",0,0
"ohne zahnspange gerade zähne",10,170,I,"Video, People also ask, Images, AI Overview, Related searches",0,0
"invisalign in meiner nähe",7,170,"L, C","Local pack, Reviews, Video, People also ask, Find results on",0,0.42
"zahn bleaching leipzig",4,170,"L, C","Local pack, Reviews, Video, People also ask, Bottom Ads, Find results on, Middle Ads",0.59,0.83
"was kostet invisalign",6,170,I,"Video, People also ask, AI Overview, Related searches",0,0
"aligner zahnschiene",18,170,I,"Video, People also ask, Images, AI Overview, Related searches",0,0
"essen bleaching",6,170,"L, C","Reviews, Video, People also ask, Bottom Ads, GBP, Related searches",0.57,0.53
"zähne bleaching in der nähe",4,170,"L, C","Local pack, People also ask, Images, Find results on, Related searches",0.81,0.66
"zaehne bleaching kosten",5,170,I,"Video, People also ask, AI Overview, Related searches",0.59,0.61
"zahn bleaching berlin",4,170,"L, C","Local pack, Reviews, Video, People also ask, Images, Find results on",1.32,0.84
"invisalign alternativen",6,170,"L, C","Local pack, Reviews, People also ask, Bottom Ads, Related searches",0,0
"retainer zähne nachteile",6,170,I,"Video, People also ask, Images, AI Overview, Related searches",0,0
"natürliche zahnaufheller",12,170,I,"Reviews, People also ask, Bottom Ads, AI Overview, Related searches",0.5,1
"kosten schiene zähne",14,170,I,"Reviews, Video, People also ask, Bottom Ads, Related searches",0,0
"bleaching preis",12,170,I,"Reviews, Video, People also ask, Images, Related searches",0.71,0.43
"preis bleaching",4,170,I,"Reviews, Video, People also ask, Images, Find results on, Related searches",0.71,0.43
"natürlicher zahnaufheller",12,170,I,"People also ask, AI Overview, Related searches",0.5,1
"was sind retainer",15,170,I,"Video, People also ask, Images, AI Overview, Related searches",0,0.02
"zahnbleaching in meiner nähe",6,170,"L, C","Local pack, People also ask, Find results on, Related searches",0.66,0.66
"wie viel kostet ein retainer",7,170,I,"Reviews, Video, People also ask, AI Overview, Related searches",0.58,0.06
"zahnschiene zur korrektur",21,170,I,"Video, People also ask, Images, Bottom Ads, AI Overview, Related searches",0,0
"invisalign wie viele schienen habt ihr",7,170,I,"Video, People also ask, Images, Bottom Ads, AI Overview, Related searches",0,0
"aligner schiene erfahrungen",14,170,I,"Video, People also ask, Images, AI Overview, Related searches",1.03,0.2
"zahn bleaching hannover",3,170,"L, C","Reviews, Video, People also ask, GBP, AI Overview, Related searches",0.71,0.83
retentionsgeräte,5,170,I,"Video, People also ask, Images, AI Overview, Related searches",0,0.01
"retainer arten",5,170,I,"Video, People also ask, Images, AI Overview, Related searches, Image",0,0.01
retainer-arten,6,170,I,"Video, People also ask, AI Overview, Related searches",0,0.01
retentionsplatte,5,170,I,"Video, People also ask, AI Overview, Related searches",0,0.02
"muss man retainer für immer tragen",5,170,I,"Video, People also ask, Images, Bottom Ads, AI Overview, Related searches",0,0.01
"kosten clear aligner",11,170,I,"People also ask, AI Overview, Related searches",0,0
"zahnaufhellung natürlich",11,170,I,,0.5,1
"zähne richten lassen op kosten",5,170,I,"Reviews, Video, People also ask, Bottom Ads, AI Overview, Related searches",0,0
"zahnschienen erwachsene",20,170,"L, C","Local pack, Reviews, Video, People also ask, Images, Find results on, Related searches",1.2,0.97
"zahnschienen korrektur",21,170,I,"Reviews, Video, People also ask, Images, Bottom Ads, AI Overview, Related searches",0,0
"alternative for invisalign",13,170,I,"Video, People also ask, Images, AI Overview, Related searches",0,0
"preise für bleaching",4,170,I,"Reviews, Video, People also ask, Bottom Ads, Related searches",0.71,0.43
"zahnspange durchsichtig",11,160,I,"Featured snippets, Video, People also ask, Images, Related searches",0,0
"aufhellende zahncreme",9,140,I,"Video, People also ask, Find results on, Related searches",0.58,1
"zähne gerade schleifen",7,140,I,"Video, People also ask, Images, AI Overview",0.94,0.32
"bleaching schmerzen",5,140,I,"Video, People also ask, Images, Bottom Ads, AI Overview, Related searches",0,0.01
"home bleaching kosten",16,140,I,"Reviews, Video, People also ask, AI Overview, Related searches",0.55,0.91
"invisalign krankenkasse",5,140,I,"Video, People also ask, Images, AI Overview, Related searches",0,0
"zähne gerade machen ohne zahnspange",10,140,I,"Video, People also ask, Images, Bottom Ads, AI Overview, Related searches",1.01,0.77
"bleaching leipzig",8,140,"L, C","Local pack, Reviews, Video, People also ask, Images, Top Ads, Bottom Ads, Find results on, Related searches",0.59,0.82
"zähne werden schief",5,140,I,"Video, People also ask, Images, AI Overview, Related searches",1.3,0.28
"zahnbleaching nürnberg",5,140,"L, C","Local pack, Reviews, Video, People also ask, Images, Find results on, Related searches",0.91,0.76
"zahnbleaching preis",12,140,I,"Video, People also ask, Images, AI Overview, Related searches",0.61,0.44
"zahnschiene erwachsene",20,140,I,"Video, People also ask, Images, Related searches",0,0
"zahnschiene für erwachsene",20,140,I,"Reviews, Video, People also ask, Images, Bottom Ads, Related searches",0,0
"zähne schief",5,140,I,"Reviews, Video, People also ask, Images, Bottom Ads, AI Overview, Related searches",1.3,0.28
"zahnaufhellung hannover",3,140,"L, C","Reviews, Video, People also ask, Bottom Ads, GBP, Related searches",0.51,0.41
"zähne weiß machen lassen",16,140,I,"Video, People also ask, Images, Bottom Ads, AI Overview, Related searches",0.78,0.89
"zähne begradigen kosten",29,140,I,"Reviews, Video, People also ask, Images, Bottom Ads, AI Overview, Related searches",0,0
"zahnaufheller im test",17,140,I,"Reviews, Video, People also ask, Bottom Ads, Related searches",0.35,1
"zahnspange invisalign kosten",5,140,I,"Video, People also ask, AI Overview, Related searches",0,0
"invisalign zahnspange kosten",4,140,I,"Reviews, People also ask, Images, Bottom Ads, AI Overview, Related searches",0,0
"zahnbleaching preise",5,140,I,"People also ask, Images, AI Overview, Related searches",0.61,0.44
"zahnbleaching bremen",2,140,"L, C","Local pack, Reviews, Video, People also ask, Images, Find results on, Related searches",0.62,0.7
"wie teuer ist zahnbleaching",9,140,I,"Reviews, Video, People also ask, Images, Bottom Ads, AI Overview, Related searches",0.54,0.35
"preise zahnbleaching",5,140,I,"Video, People also ask, Related searches",0.61,0.44
"preis bleaching zähne",4,140,I,"Video, People also ask, Related searches",0.69,0.56
"preis zähne bleaching",12,140,"L, C","Local pack, Reviews, Video, People also ask, Images, Related searches, Image",0.69,0.56
"wie teuer ist bleaching beim zahnarzt",8,140,I,"Video, People also ask, Bottom Ads, AI Overview, Related searches",0.56,0.26
"wie teuer ist zähne bleachen",9,140,I,"Reviews, Video, People also ask, Bottom Ads, AI Overview, Related searches",0.63,0.43
"preis zahnbleaching",12,140,I,"Video, People also ask, AI Overview, Related searches",0.61,0.44
"wie teuer ist zähne bleaching",4,140,I,"Reviews, Video, People also ask, Images, Bottom Ads, AI Overview, Related searches",0.63,0.43
"bleaching beim zahnarzt wie teuer",4,140,I,"Reviews, Video, People also ask, Bottom Ads, AI Overview, Related searches",0,0
"erfahrungen mit bleaching",8,140,I,"Video, People also ask, Bottom Ads, Related searches",0,0.17
"zähne weißer machen lassen",9,140,"L, C","Local pack, Reviews, Video, People also ask, Bottom Ads, Related searches",0.78,0.89
"invisible schienen",13,140,I,"Video, People also ask, Images, Bottom Ads, AI Overview, Related searches",1.64,0.61
"zahnschiene durchsichtig kosten",6,140,I,"Video, People also ask, Images, Related searches",0,0
"durchsichtige zahnschiene kosten",6,140,I,"Video, People also ask, Images, AI Overview, Related searches, Image",0,0
"invisalign deutsch",11,140,I,"Reviews, Video, People also ask, Images, Bottom Ads, AI Overview, Related searches",1.16,0.19
"schiefe zähne bei erwachsenen",5,140,I,"Video, People also ask, Images, AI Overview, Related searches",0,0
"schiefe zähne als erwachsener",5,140,I,"Video, People also ask, Images, AI Overview",0,0
"beste zahnpasta zum aufhellen",10,140,I,"Reviews, Video, People also ask, Images, Bottom Ads, Find results on, Related searches",0.21,0.99
"schiene für zähne kosten",15,140,I,"Reviews, Video, People also ask, Images, Bottom Ads, Find results on, Related searches",0.97,0.65
"schiefe milchzähne baby",5,140,I,"Video, People also ask, Images, Bottom Ads, AI Overview, Related searches",0,0
"fläsh bleaching preise",13,140,I,"People also ask, Bottom Ads, Related searches",0.53,0.41
"gerade zähne schiene",20,140,I,"Video, People also ask, Images, Related searches",0,0
"teeth aligner",47,140,I,"Reviews, Video, People also ask, Images, Bottom Ads, AI Overview, Related searches",1.5,0.44
"invisalign cleaning crystals",17,140,I,"Video, People also ask, Images, Related searches, Image",0.12,1
"invisalign negative erfahrungen",7,140,I,"Video, People also ask, Images, Bottom Ads, AI Overview",0,0
"zahnschmerzen nach bleaching",5,140,I,"Video, People also ask, AI Overview, Related searches",0,0.01
"schiefe zähne unterkiefer",6,140,I,"Video, People also ask, Bottom Ads, AI Overview, Related searches",0,0
"zahncreme zum aufhellen",9,140,I,"Video, People also ask, Images, Find results on",0.58,1
"zahnseide retainer",9,140,I,"Video, People also ask, Images, Find results on",0.1,1
"wie kriege ich meine zähne weiß",17,140,I,"Reviews, Video, People also ask, Images, Bottom Ads, AI Overview",0.54,0.95
"dental retainer",6,140,"L, C","Local pack, Reviews, Video, People also ask, Images, Related searches",1.7,0.31
"zahnschiene kosten krankenkasse",7,140,I,"People also ask, Images, Bottom Ads, AI Overview, Related searches",0.66,0.14
"zahnbleaching mannheim",11,140,"L, C","Local pack, Reviews, Video, People also ask, Find results on, Related searches",1.12,0.66
"zahncreme aufhellung",9,140,I,"Video, People also ask, Related searches",0.58,1
"bleaching potsdam",8,140,"L, C","Local pack, Reviews, Video, People also ask, Find results on, Related searches",1.29,0.21
"retention zahnmedizin",11,140,I,"Video, People also ask, Images, AI Overview, Related searches",0,0
"fläsh bleaching preis",15,140,I,"Reviews, People also ask, Images, Related searches",0.53,0.41
"zähne weißer machen hausmittel",11,140,I,"People also ask, Images, Bottom Ads, AI Overview, Related searches",0.54,0.77
"zahn bleaching preis",5,140,I,"Video, People also ask, Images, Bottom Ads, Related searches",0.61,0.44
"zahnkorrektur invisalign kosten",7,140,"L, C","Local pack, Reviews, Video, People also ask, Bottom Ads, Related searches",0,0
"zähne bleaching wie teuer",4,140,I,"Video, People also ask, Images, AI Overview, Related searches, Image",0.63,0.43
"zahnbleaching wie teuer",8,140,I,"Video, People also ask, Images, AI Overview, Related searches",0.54,0.35
"wie kriege ich meine zähne weißer",11,140,I,"Video, People also ask, Images, AI Overview, Related searches",0.54,0.95
"bleaching mit lampe",7,140,I,"Reviews, Video, People also ask, Images, Bottom Ads, Find results on, Related searches",0.37,1
"bleaching lampen",7,140,"L, C","Local pack, Reviews, Video, People also ask, Bottom Ads, Find results on, Related searches",0.37,1
"münster bleaching",3,140,"L, C","Local pack, Video, People also ask, Find results on, Related searches",0.6,0.64
"kieferorthopäde invisalign",8,140,"L, C","Local pack, Reviews, People also ask, Images, Related searches",0,0
"invisalign lichtenrade",22,140,"L, C","Local pack, Reviews, People also ask, Find results on, Related searches",0,0
"zahn bleaching bremen",17,140,"L, C","Local pack, Reviews, Video, People also ask, Bottom Ads, Find results on, Related searches",0.62,0.7
"wie krieg ich meine zähne weiß",18,140,I,"Reviews, Video, People also ask, Bottom Ads, AI Overview, Related searches",0.54,0.95
"durchsichtige zahnschienen kosten",14,140,I,"Video, People also ask, Images, AI Overview, Related searches",0,0
"vorderzähne richten lassen kosten",13,140,I,"Reviews, Video, People also ask, Images, Bottom Ads, AI Overview, Related searches",0,0
"zahn bleaching nürnberg",5,140,"L, C","Reviews, Video, People also ask, Bottom Ads, GBP, Related searches",0.91,0.76
"zahncreme aufhellend",10,140,I,"Reviews, Video, People also ask, Images, Find results on, Related searches",0.58,1
"beste aufhellende zahnpasta",10,140,I,"Reviews, Video, People also ask, Bottom Ads, Related searches",0.21,0.99
"zahnschienen für erwachsene",19,140,I,"Reviews, Video, People also ask, Images, Bottom Ads, Related searches",0,0
"invisible zahnschiene",12,140,I,"Video, People also ask, Images, Bottom Ads, Related searches",1.73,0.59
"retentionsschiene kosten",6,140,I,"Video, People also ask, Images, Bottom Ads, AI Overview, Related searches",0.91,0.09
"schmerzen bleaching",5,140,I,"Video, People also ask, Images, AI Overview, Related searches",0,0.01
"ist bleaching schlecht für die zähne",20,140,I,"Video, People also ask, Images, AI Overview, Related searches",0,0.06
"schienen zähne kosten",14,140,I,"Video, People also ask, Images, Bottom Ads, Related searches",0.97,0.65
"zahn schief",9,140,I,"Video, People also ask, Bottom Ads, AI Overview, Related searches",1.3,0.28
"wie teuer ist ein zahnbleaching",14,140,I,"Video, People also ask, AI Overview, Related searches",0.54,0.35
"wie teuer ist bleaching der zähne",9,140,I,"Video, People also ask, Bottom Ads, AI Overview, Related searches",0.63,0.43
"was ist retainer",13,140,I,"Video, People also ask, Images, AI Overview, Related searches",0,0.03
"invisalign erfahrungen vorher-nachher",5,140,I,"Video, People also ask, Bottom Ads, AI Overview, Related searches",0.79,0.17
"my invisalign",31,140,I,"Video, People also ask, Related searches, Sites",0.48,0.06
"zahnaufhellung in der nähe",5,140,"L, C","Local pack, People also ask, Find results on, Related searches",0.79,0.66
"kiefer schief was tun",12,140,I,"Video, People also ask, Images, Bottom Ads, AI Overview, Related searches",0,0
"cleaning crystals invisalign",17,140,I,"Video, People also ask, Images, Related searches",0.12,1
"dental bleaching at home",25,140,I,"Video, People also ask, Images, Find results on, Related searches",0.48,1
"unterkiefer schief",12,140,I,"Video, People also ask, Images, Bottom Ads, AI Overview, Related searches",0,0
"retainer erneuern kosten",7,140,I,"Reviews, People also ask, Images, Bottom Ads, AI Overview, Related searches",1.4,0.09
"schneidezähne verschieben sich nach vorne",3,140,I,"Video, People also ask, Images, AI Overview, Related searches",0,0
"retainer bedeutung",12,140,I,"Video, People also ask, Images, AI Overview, Related searches",0,0.01
"durchsichtige zahnspange nachteile",6,140,I,"Video, People also ask, Images, AI Overview, Related searches",0,0
"preise für zahnbleaching",4,140,I,"Video, People also ask, AI Overview, Related searches",0.61,0.44
"invisalign aligner cleaning system",15,140,I,"Video, People also ask, Images, Related searches",0.12,1
"bleaching zahncreme",9,110,I,"Video, Find results on, Related searches",0.51,1
"zähne richten lassen kosten",12,110,I,"Reviews, Video, People also ask, Images, Bottom Ads, AI Overview, Related searches",0,0
"wie werden meine zähne weißer",11,110,I,"Video, People also ask, Images, AI Overview, Related searches",0.51,0.66
"invisalign kosten erwachsene",5,110,I,"Reviews, Video, People also ask, Images, Bottom Ads, AI Overview, Related searches",1.26,0.66
"zähne verschieben sich im alter",3,110,I,"Reviews, Video, People also ask, Images, Bottom Ads, AI Overview, Related searches, Image",0.58,0.09
"zahnschienen kaufen",7,110,"L, T","Local pack, Reviews, People also ask, Images, Bottom Ads, Find results on, Related searches",0.57,1
"bleaching gel kaufen",5,110,I,"People also ask, Bottom Ads, Find results on, Related searches",0.42,1
"zahn aufhellen",13,110,I,"Video, People also ask, Images, Related searches",0.63,1
"zähne aufhellung",15,110,"L, C","Local pack, Reviews, Video, People also ask, Images, Related searches",0.63,1
"zahncreme bleaching",9,110,I,"People also ask, Find results on, Related searches",0.51,1
"zähne bleaching essen",6,110,"L, C","Reviews, Video, People also ask, Bottom Ads, GBP, AI Overview, Related searches",0.8,0.67
"invisalign kosten erfahrung",6,110,I,"Video, People also ask, Bottom Ads, AI Overview, Related searches",0,0
"invisalign brackets",5,110,I,"Video, People also ask, Images, AI Overview, Related searches",0,0
"zahnaufhellung dortmund",4,110,"L, C","Reviews, People also ask, GBP, Related searches",0.41,0.66
"bleaching nachteile",16,110,I,"Reviews, Video, People also ask, Images, Bottom Ads, AI Overview, Related searches",0,0.04
"zahnfehlstellung korrigieren",5,110,I,"Reviews, Video, People also ask, Images, Bottom Ads, AI Overview, Related searches",0,0
"zahnaufhellung gel",12,110,I,"People also ask, Find results on, Related searches",0.47,1
"bleaching wasserstoffperoxid",7,110,I,"Video, People also ask, Images, Bottom Ads, Related searches",0.75,1
"bleaching bielefeld",7,110,"L, C","Local pack, Reviews, Video, People also ask, Images, Bottom Ads, Find results on, Related searches",0.88,0.66
"zähne bleaching bielefeld",7,110,"L, C","Local pack, Reviews, Video, People also ask, Images, Find results on, Related searches",0.96,0.66
"wie viel kostet zahnaufhellung",17,110,I,"Video, People also ask, Images, Bottom Ads, AI Overview, Related searches",0.73,0.42
"bleaching ergebnisse",13,110,I,"Reviews, Video, People also ask, Images, Bottom Ads, AI Overview, Related searches",0,0.02
"bleaching bremen",2,110,"L, C","Local pack, Reviews, Video, People also ask, Images, Find results on, Related searches, Middle Ads",0.54,0.69
"internes bleaching kosten",9,110,I,"Reviews, Video, People also ask, Images, AI Overview, Related searches",0.63,0.18
"köln zähne bleaching",6,110,"L, C","Local pack, Reviews, Video, People also ask, Images, Find results on, Related searches",0.97,0.8
"wie funktioniert bleaching",17,110,I,"Reviews, Video, People also ask, Images, Bottom Ads, AI Overview, Related searches",0.05,0.25
"schiefe zähne zahnspange",5,110,I,"Video, People also ask, Images, Bottom Ads, AI Overview, Related searches",0,0
"in office bleaching kosten",8,110,I,"Video, People also ask, Bottom Ads, AI Overview, Related searches",0.64,0.35
"kosten invisalign erwachsene",5,110,I,"Video, People also ask, Bottom Ads, AI Overview, Related searches",1.26,0.66
"wie viel kostet eine durchsichtige zahnspange",5,110,I,"Video, People also ask, Bottom Ads, AI Overview, Related searches",0,0
"durchsichtige schiene für zähne",12,110,I,"Video, People also ask, Images, Bottom Ads, Related searches",0,0
"durchsichtige schiene zähne",12,110,I,"Reviews, Video, People also ask, Bottom Ads, Related searches",0,0
"zahnfehlstellung erwachsene",8,110,I,"Video, People also ask, Images, AI Overview, Related searches",0.77,0.53
"invisalign erfahrungen kosten",6,110,I,"Video, People also ask, Bottom Ads, AI Overview, Related searches",0,0
"zahnschiene invisalign",5,110,I,"Video, People also ask, Images, Related searches",0,0
"zahnspange schiefe zähne",5,110,I,"Video, People also ask, Images, Bottom Ads, AI Overview, Related searches",0,0
"zahnbleaching set",13,110,I,"Video, People also ask, Images, Find results on, Related searches",0.9,1
"wasserstoffperoxid bleaching",15,110,I,"Video, People also ask, Images, Related searches",0.75,1
"transparente zahnschiene",12,110,I,"People also ask, Images, Related searches",1.16,0.75
"zahnspange durchsichtig preis",12,110,I,"Reviews, Video, People also ask, Images, Bottom Ads, Related searches",0.68,0.59
"zahnaufhellung wasserstoffperoxid",7,110,I,"Video, People also ask, Images, Bottom Ads, Related searches",0.46,1
"kfo retainer",12,110,I,"Video, People also ask, AI Overview, Related searches",0.59,0.05
"wasserstoffperoxid zahnaufhellung",8,110,I,"Video, People also ask, Images, Related searches",0.46,1
"bleaching ergebnis",13,110,I,"Reviews, Video, People also ask, Images, Bottom Ads, AI Overview, Related searches",0,0.02
"retainer kaputt",6,110,I,"Video, People also ask, Images, AI Overview, Related searches",0,0.02
"retainer reparieren kosten",7,110,I,"Reviews, People also ask, Bottom Ads, AI Overview, Related searches",1.11,0.1
"retainer reparatur kosten",8,110,I,"Reviews, People also ask, AI Overview, Related searches",1.11,0.1
"brackets invisalign",4,110,I,"Reviews, Video, People also ask, Images, Bottom Ads, Related searches",0,0
retentionsschienen,5,110,I,"Video, People also ask, Images, AI Overview, Related searches",1.9,0.05
"bleaching zähne köln",6,110,"L, C","Local pack, Reviews, Video, People also ask, Find results on, Related searches",0.97,0.8
"invisalign kosten monatlich",5,110,I,"Video, People also ask, Images, AI Overview, Related searches",0,0
"invisalign kosten erfahrungen",6,110,I,"Video, People also ask, AI Overview, Related searches",0,0
"retainer zahnarzt oder kieferorthopäde",6,110,I,"Video, People also ask, Bottom Ads, AI Overview, Related searches",0,0
"nach der zahnspange retainer",6,110,I,"Video, People also ask, Images, AI Overview, Related searches",0,0
"invisalign zahnspangen kosten",9,110,I,"Reviews, Video, People also ask, Bottom Ads, AI Overview, Related searches",0.92,0.57
"extreme zahnfehlstellung",23,110,I,"Reviews, Video, People also ask, Images, Bottom Ads, AI Overview, Related searches",0,0.02
"invisalign kosten beispiele",3,110,I,"Reviews, Video, People also ask, Images, Bottom Ads, AI Overview",0,0
"retainer entfernen erfahrungen",6,110,I,"Video, People also ask, AI Overview, Related searches",0,0.01
"zähne bleaching berlin preise",4,110,I,"Video, People also ask, Images, AI Overview, Related searches",0.71,0.86
"zahnaufhellende zahnpasta",9,110,I,"Reviews, Video, People also ask, Bottom Ads, Find results on, Related searches",0.6,1
"retainer zähne wie lange",6,110,I,"Video, People also ask, Images, Bottom Ads, AI Overview, Related searches",0,0
"durchsichtige schienen zähne",5,110,I,"Video, People also ask, Related searches",0,0
"wie viel kostet eine zahnschiene",15,110,I,"People also ask, Images, AI Overview, Related searches",0,0
"wie viel kostet eine zahnaufhellung",16,110,I,"Video, People also ask, AI Overview, Related searches",0.73,0.42
zahnaufhellungsgel,7,110,"L, C","Local pack, Reviews, Video, People also ask, Images, Related searches",0.47,1
"zahnfehlstellungen erwachsene",9,110,I,"Video, People also ask, Images, Bottom Ads, AI Overview, Related searches",0.77,0.53
"draht retainer",7,110,I,"Video, People also ask, Related searches",0,0.08
"nachteile bleaching",8,110,I,"Video, People also ask, Images, AI Overview, Related searches",0,0.04
"invisalign germany cost",12,110,I,"People also ask, AI Overview, Related searches",1.46,0.69
"bleaching übersetzung",16,110,I,"Reviews, Video, People also ask, AI Overview",0,0
"lockere zähne schienen kosten",16,110,I,"Reviews, Video, People also ask, Images, Bottom Ads, AI Overview, Related searches",0,0
"extrem schiefe zähne",5,110,I,"Reviews, Video, People also ask, Bottom Ads, AI Overview, Related searches",0,0
"nach zahnspange retainer",6,110,I,"Video, People also ask, Images, Bottom Ads, AI Overview",0,0
"zähne gerade ohne zahnspange",10,110,I,"Reviews, Video, People also ask, Images, Bottom Ads, AI Overview, Related searches",1.24,0.62
"retainer lose",8,110,I,"Video, People also ask, Images, AI Overview, Related searches",0,0.01
"zahnstein retainer",7,110,I,"Video, People also ask, Images, AI Overview, Related searches",0,0.05
"schiefen zahn überkronen",5,110,I,"Reviews, Video, People also ask, Images, Bottom Ads, AI Overview, Related searches",0.71,0.19
"gerade zähne vorher-nachher",9,110,I,"Video, People also ask, Bottom Ads, AI Overview, Related searches",0,0
"kreuzbiss invisalign vorher nachher",6,110,I,"Video, People also ask, Images, AI Overview, Related searches",0,0
"schiefe zähne vorher-nachher",6,110,I,"Video, People also ask, AI Overview, Related searches",0,0
"einzelner schiefer zahn kosten",14,110,I,"Video, People also ask, Images, AI Overview, Related searches",0.76,0.42
"retainer kaputt wer zahlt",8,110,I,"Reviews, Video, People also ask, Images, AI Overview, Related searches",0,0.03
draht-retainer,7,110,I,"Video, People also ask, Related searches",0,0.08
"kfo invisalign",6,110,"L, C","Local pack, Reviews, Video, People also ask, Images, Bottom Ads, Related searches",2.04,0.6
"zahnfehlstellungen bei erwachsenen",9,110,I,"Video, People also ask, Bottom Ads, AI Overview, Related searches",0.77,0.53
"dental bleaching gels",14,110,I,"People also ask, Bottom Ads, Find results on, Related searches",0.47,1
"retainer gelöst",5,110,I,"Video, People also ask, Images, AI Overview",0,0.02
"kosten invisible zahnspange",5,110,I,"Reviews, Video, People also ask, Bottom Ads, AI Overview, Related searches",0,0
"oberkiefer zähne verschieben sich",4,110,I,"Reviews, Video, People also ask, Images, Bottom Ads, AI Overview, Related searches, Middle Ads",0,0
"zahnfehlstellung bei erwachsenen",4,110,I,"Video, People also ask, Bottom Ads, AI Overview, Related searches",0.77,0.53
"kosten invisalign zahnspange",4,110,I,"Video, People also ask, AI Overview, Related searches",0.92,0.57
"aligner invisalign",16,110,I,"People also ask, Images, Bottom Ads, AI Overview, Related searches",1.68,0.43
"invisalign erfahrung forum",7,110,I,"Video, People also ask, AI Overview, Related searches",0.11,0.09
"bleaching gel teeth",23,110,I,"Video, People also ask, Images, Related searches",0.47,1
"dental bleaching",20,90,"L, C","Local pack, Reviews, Video, People also ask, Images, Find results on, Related searches",0.83,0.96
"retainer spange",7,90,I,"Video, People also ask, Images, AI Overview, Related searches",1.06,0.05
"perl weiss bleaching",15,90,I,"Reviews, Video, People also ask, Images, Related searches",0,1
"weiße zähne ohne bleaching",6,90,I,"People also ask, Images, AI Overview, Related searches",0.59,1
"weißere zähne ohne bleaching",11,90,I,"People also ask, Images, AI Overview, Related searches",0.59,1
"gerade zähne ohne spange",4,90,I,"Video, People also ask, Images, AI Overview, Related searches",0,0
"zähne gerade machen kosten",21,90,I,"Video, People also ask, Images, AI Overview, Related searches, Image",0,0
"zähne schief was tun",5,90,I,"Video, People also ask, Images, Bottom Ads, AI Overview, Related searches",0,0
"invisalign teeth",47,90,I,"Video, People also ask, Images, AI Overview, Related searches",1.63,0.35
"braces invisalign",27,90,"L, C","Local pack, Reviews, Video, People also ask, Images, Top Ads, Related searches",0,0
"beste bleaching zahnpasta",9,90,I,"Reviews, Video, People also ask, Images, Related searches",0.17,1
"bleaching wiesbaden",5,90,"L, C","Local pack, Reviews, Video, People also ask, Images, Bottom Ads, Related searches",0.63,0.77
"zahnbleaching bielefeld",4,90,"L, C","Reviews, Video, People also ask, Bottom Ads, GBP, Related searches",0.89,0.62
"zähne weiß bekommen schnell",17,90,I,"Video, People also ask, Images, AI Overview, Related searches",0.63,1
"power bleaching kosten",9,90,I,"Reviews, Video, People also ask, AI Overview, Related searches",0.64,0.69
"powerbleaching kosten",10,90,I,"Reviews, Video, People also ask, AI Overview, Related searches",0.64,0.69
"kosten invisalign behandlung",6,90,I,"Video, People also ask, AI Overview, Related searches",0,0
"bleaching studio",5,90,"L, C","Local pack, Reviews, Video, People also ask, Images, Find results on, Related searches",0.63,0.28
"zahnarzt bleaching berlin",12,90,"L, C","Local pack, Reviews, Video, People also ask, Find results on, Related searches",0,0
"invisalign braces",34,90,"I, N","Sitelinks, Video, People also ask, Images, Related searches",0,0
"zähne bleaching augsburg",9,90,"L, C","Reviews, Video, People also ask, Images, GBP, Related searches",1.18,0.79
"zähne aufhellen lassen",14,90,I,"Video, People also ask, AI Overview, Related searches",0,0
"zahnspange durchsichtig kosten",11,90,I,"Video, People also ask, Images, AI Overview, Related searches",0,0
"gerade zähne erwachsene",10,90,I,"Video, People also ask, Images, AI Overview, Related searches",0,0
"professionelles bleaching kosten",9,90,I,"Featured snippets, Reviews, Video, People also ask, Related searches",0.67,0.55
"zahnbleaching karlsruhe",5,90,"L, C","Local pack, Reviews, Video, People also ask, Bottom Ads, Find results on, Related searches",0.8,0.77
"zahnbleaching saarbrücken",5,90,"L, C","Reviews, Video, People also ask, GBP, Related searches",1.04,0.42
"was kostet eine zahnaufhellung beim zahnarzt",17,90,I,"People also ask, AI Overview, Related searches",0,0
"was kostet zahnaufhellung beim zahnarzt",9,90,I,"People also ask, AI Overview, Related searches",0,0
"wie viel kostet zahnbleaching beim zahnarzt",8,90,I,"People also ask, AI Overview, Related searches",0.76,0.33
"weiße zähne bleaching",10,90,"L, C","Local pack, Reviews, Video, People also ask, Images, Related searches",0.82,0.99
"zähne weiß bleichen",19,90,I,"People also ask, Related searches",0.82,0.99
"wie zähne aufhellen",19,90,I,"Video, People also ask, Images, Bottom Ads, AI Overview, Related searches",0.5,1
"wie bekommt man seine zähne weißer",7,90,I,"Video, People also ask, AI Overview, Related searches",0.51,0.87
"zähne weiß ohne bleaching",18,90,I,"People also ask, Images, AI Overview, Related searches",0.59,1
"invisalign wiesbaden",0,90,I,,0,0
"zahnspange erwachsene unsichtbar kosten",13,90,I,"Video, People also ask, AI Overview, Related searches",0,0
"invisalign behandlung kosten",6,90,I,"Video, People also ask, AI Overview, Related searches",0,0
"kosten aligner",18,90,I,"Video, People also ask, Images, AI Overview, Related searches, Image",0,0
"durchsichtige schiene nach zahnspange",6,90,I,"Video, People also ask, Images, Related searches",0,0
"invisalign überbiss vorher nachher",6,90,I,"Video, People also ask, AI Overview, Related searches",0,0
"schiefer zahn",5,90,I,"Video, People also ask, AI Overview, Related searches",1.4,0.15
"schiene für gerade zähne",20,90,I,"Reviews, Video, People also ask, Images, Bottom Ads, Related searches",0,0
"lose zahnspange durchsichtig",4,90,I,"Video, People also ask, Images, AI Overview, Related searches",0,0
"retainer zahnspange kosten",8,90,I,"Video, People also ask, Images, AI Overview, Related searches",0,0
"zähne bleaching set",14,90,I,"Video, People also ask, Images, Find results on, Related searches",0.89,1
"white bleaching",16,90,"I, N","Local pack, Reviews, Video, People also ask, Images, Copyright infringement, Related searches",0,0.14
"baby schiefe zähne",6,90,I,"Featured snippets, Video, People also ask, Images, Related searches",0,0
"milchzähne schief",6,90,I,"Video, People also ask, Images, AI Overview, Related searches, Image",0,0.01
"schiefe milchzähne",6,90,I,,0,0.01
"durchsichtige zahnspange kinder",4,90,I,"Video, People also ask, Images, AI Overview, Related searches",0,0
"zahnzusatzversicherung retainer",9,90,I,"Video, People also ask, Images, AI Overview, Related searches",2.3,0.8
"invisalign attachments sichtbar",6,90,I,"Video, People also ask, Images, AI Overview, Related searches",0,0
"zahn bleaching set",15,90,I,"Video, People also ask, Images, Find results on, Related searches",0.89,1
"invisalign elastics",16,90,I,"Video, People also ask, Images, AI Overview, Related searches",0,0.16
"invisalign cena",7,90,I,"Featured snippets, Video, People also ask, Images, Related searches",0,0
"invisalign refinement",8,90,I,"Video, People also ask, Images, AI Overview, Related searches",1.37,0.09
"zahnspange retainer kosten",7,90,I,"Video, People also ask, Images, AI Overview, Related searches",0,0
"invisalign vip",16,90,I,"People also ask, Images, Related searches",0,0.02
"invisalign oder feste zahnspange",4,90,I,"Video, People also ask, AI Overview, Related searches",0,0
"schiefe schneidezähne",6,90,I,"Video, People also ask, Images, AI Overview, Related searches",1.08,0.2
"welche zahnpasta nach bleaching",0,90,I,,0.66,0.93
"bleaching kit",7,90,I,"Reviews, Video, People also ask, Images, Find results on, Related searches",0.7,1
"leichte zahnfehlstellung",11,90,I,"Video, People also ask, Images, AI Overview, Related searches",0,0
"invisalign vs braces",32,90,I,"Video, People also ask, Images, AI Overview, Related searches",0,0
"bleached white",20,90,I,"Reviews, Video",0,0.09
"invisalign price",23,90,I,"Video, People also ask, AI Overview, Related searches",1.14,0.52
"invisalign prices",23,90,I,"Video, People also ask, AI Overview, Related searches",1.14,0.52
"refinements invisalign",7,90,I,"Video, People also ask, Images, AI Overview, Related searches",1.37,0.09
"kosten professionelles bleaching",8,90,I,"Reviews, Video, People also ask, AI Overview, Related searches",0.67,0.55
"schnell zähne weiß bekommen",20,90,I,"Video, People also ask, Bottom Ads, AI Overview, Related searches",0.63,1
"bleaching weiße zähne",14,90,I,"People also ask, Images, AI Overview, Related searches",0.82,0.99
"schiefer milchzahn",6,90,I,,0,0.01
"invisalign kieferorthopäde",8,90,"L, C","Local pack, Reviews, Video, People also ask, Related searches",0,0
"retainer nach 10 jahren gebrochen",6,90,I,"Video, People also ask, Images, AI Overview, Related searches, Image",0,0.02
"bleaching zahnarzt berlin",0,90,I,,2.25,0.83
"zahnarzt berlin bleaching",8,90,"L, C","Local pack, Reviews, Video, People also ask, Bottom Ads, Find results on, Related searches",0,0
"zahn bleaching saarbrücken",5,90,"L, C","Reviews, Video, People also ask, GBP, Related searches",1.04,0.42
"wie viel kosten retainer",6,90,I,"Reviews, Video, People also ask, AI Overview, Related searches",0.64,0.14
"zähne weißer ohne bleaching",6,90,I,"People also ask, AI Overview, Related searches",0.59,1
"retainer erfahrungen",8,90,I,"Video, People also ask, Images, AI Overview, Related searches",0,0.02
"schienen für gerade zähne",20,90,I,"Video, People also ask, Images, Bottom Ads, Related searches",0,0
"diamond bleaching",18,90,"L, C","Local pack, Reviews, Video, People also ask, Images, Related searches",0.73,0.98
"bleaching studios",9,90,"L, C","Local pack, Reviews, Video, People also ask, Images, Find results on, Related searches",0.63,0.28
"aligner kieferorthopädie",15,90,"L, C","Featured snippets, Local pack, Reviews, Video, People also ask, Images, Related searches",0,0
"wie kriegt man die zähne weiß",10,90,I,"Video, People also ask, Images, AI Overview, Related searches",0.6,0.85
"feste retainer",5,90,I,"Video, People also ask, Images, AI Overview, Related searches, Image",0,0.04
"retention zahnspange",6,90,I,"Video, People also ask, Images, AI Overview, Related searches",0,0
"schiefe zähne was tun",5,90,I,"Video, People also ask, Images, Bottom Ads, AI Overview, Related searches",0,0
"power-bleaching kosten",9,90,I,"Reviews, Video, People also ask, AI Overview, Related searches",0.64,0.69
"bleibende zähne kommen schief raus",13,90,I,"Video, People also ask, Images, AI Overview, Related searches",0,0.01
"aligner-therapie kosten",19,90,I,"Video, People also ask, AI Overview, Related searches",0,0
"bleaching berlin zahnarzt",9,90,"L, C","Local pack, Reviews, Video, People also ask, Find results on, Related searches",0,0
"zahnkorrektur-schiene kosten",21,90,I,"Video, People also ask, AI Overview, Related searches",0,0
"rubber bands invisalign",16,90,I,"Video, People also ask, Images, Related searches",0,0.16
"invisalign rubber bands",16,90,I,"Video, People also ask, Images, Related searches",0,0.16
"dr smile vs invisalign",8,90,I,"Video, People also ask, Images, AI Overview, Related searches",0,0
"dental braces vs invisalign",24,90,I,"Video, People also ask, Images, AI Overview, Related searches",0,0
"invisalign bedeutung",14,90,I,"Video, People also ask, Images, AI Overview, Related searches",1.28,0.12
"invisalign zahnschiene",0,90,I,,0,0
"wie lange hält ein retainer",7,90,I,"Video, People also ask, AI Overview, Related searches",0,0
"retainer herausnehmbar",5,90,I,"Featured snippets, Video, People also ask, Images, Related searches, Image",0,0
"retainer was ist das",13,90,I,"Video, People also ask, Images, AI Overview, Related searches",0,0.02
"milchzahn schief",5,90,I,"Video, People also ask, Images, AI Overview, Related searches",0,0.01
"weißere zähne bleaching",15,90,I,"People also ask, Related searches",0.82,0.99
"kosten für professionelles bleaching",8,90,I,"Reviews, Video, People also ask, AI Overview, Related searches",0.67,0.55
"aligner kfo",14,90,"L, C","Featured snippets, Local pack, Reviews, Video, People also ask, Images, Related searches",0,0
"invisalign with rubber bands",16,90,I,"Video, People also ask, Images, AI Overview, Related searches",0,0.16
"zahnspangen durchsichtig kosten",11,90,I,"Video, People also ask, Images, Related searches",0,0
"invisalign dental braces",44,90,"L, C","Local pack, Reviews, Video, People also ask, Images, Top Ads, Related searches",0,0
"elastics invisalign",16,90,I,"Video, People also ask, Images, AI Overview, Related searches",0,0.16
"elastics on invisalign",15,90,I,"Video, People also ask, Images, AI Overview, Related searches",0,0.16
"refinements for invisalign",6,90,I,"Video, People also ask, AI Overview, Related searches",0,0
"braces vs invisalign",15,90,I,"Video, People also ask, Images, AI Overview, Related searches",0,0
funktionsschiene,9,90,I,"Video, People also ask, Images, AI Overview, Related searches",0,0.1
"bleaching der zähne",19,80,I,"Video, People also ask, Images, AI Overview, Related searches, Image",0.8,1
"perlweiss bleaching",10,70,I,"Video, People also ask, Images, Related searches",0.07,1
"kosten invisalign",6,70,I,"Video, People also ask, Images, AI Overview, Related searches",0,0
"schneidezahn schief",0,70,I,,0.56,0.14
"schneidezähne schief",9,70,I,"Video, People also ask, Images, AI Overview, Related searches",0.56,0.14
"bleaching karlsruhe",10,70,"L, C","Local pack, Reviews, Video, People also ask, Top Ads, Related searches",0.69,0.63
"home bleaching set",10,70,I,"Reviews, Video, People also ask, Images, Find results on, Related searches",0.72,1
"zähne weißen",15,70,I,"Video, People also ask, Images, AI Overview, Related searches",0.58,1
"unsichtbare spange",11,70,"L, C","Local pack, Reviews, Video, People also ask, Images, Bottom Ads, Related searches",0,0
"invisalign kostenübernahme",7,70,I,"Video, People also ask, AI Overview, Related searches",0,0
"retainer krankenkasse",8,70,I,"Video, People also ask, Images, AI Overview, Related searches",0,0.02
"home bleaching kit",9,70,I,"Reviews, Video, People also ask, Images, Find results on, Related searches",0.67,1
"zahnaufhellung essen",6,70,"L, C","Reviews, Video, People also ask, Images, GBP, AI Overview, Related searches",0.76,0.65
"invisalign lite",4,70,I,"Video, People also ask, Images, Related searches",0,0
"invisalign leipzig",10,70,"L, C","Local pack, Reviews, Video, People also ask, Images, Bottom Ads, Related searches",1.63,0.82
"professionelle zahnaufhellung kosten",8,70,I,"Video, People also ask, Bottom Ads, AI Overview, Related searches",0.57,0.61
"zahnschiene krankenkasse",8,70,I,"People also ask, Images, AI Overview, Related searches",1.73,0.17
"zähne bleaching kosten hamburg",4,70,I,"Reviews, People also ask, Bottom Ads, AI Overview, Related searches",0.56,0.76
"fester retainer kosten",5,70,I,"Reviews, Video, People also ask, AI Overview, Related searches",0,0
"zähne bleaching münster",3,70,"L, C","Reviews, Video, People also ask, Images, GBP, AI Overview, Related searches",0.62,0.76
"durchsichtige zahnspange für erwachsene",12,70,"L, C","Local pack, Reviews, Video, People also ask, Images, Related searches",0,0
"invisalign stuttgart",4,70,"L, C","Reviews, People also ask, Bottom Ads, GBP, Related searches",1.74,0.74
"schneidezähne verschieben sich",7,70,I,"Video, People also ask, Images, AI Overview, Related searches",0,0.02
"zähne weiß kriegen",7,70,I,"Video, People also ask, Images, AI Overview, Related searches",0.65,0.98
"smile bleaching",16,70,"L, C","Local pack, Reviews, Video, People also ask, Images, Find results on, Related searches",1.07,0.98
"kosmetisches bleaching",6,70,"L, C","Local pack, Reviews, Video, People also ask, Images, Bottom Ads, Related searches",0.64,0.89
"zahnbleaching münster",3,70,"L, C","Reviews, Video, People also ask, GBP, Related searches",0.64,0.75
"zahnbleaching bonn",5,70,"L, C","Local pack, Reviews, Video, People also ask, Images, Top Ads, Find results on, Related searches",1.81,0.85
"zähne bleaching leipzig",7,70,"L, C","Local pack, Reviews, Video, People also ask, Images, Bottom Ads, Find results on, Related searches",0.59,0.76
"zahnbleaching dresden",4,70,"L, C","Reviews, Video, People also ask, Images, Bottom Ads, GBP, Related searches",0.79,0.72
"bleaching wie lange kein kaffee",5,70,I,"Video, People also ask, AI Overview, Related searches",0,0.02
"wie lange nach bleaching kein kaffee",5,70,I,"Video, People also ask, AI Overview, Related searches",0,0.01
"bleaching berlin kosten",4,70,I,"Reviews, Video, People also ask, AI Overview, Related searches",0.64,0.82
"zähne aufhellen berlin",4,70,"L, C","Reviews, Video, People also ask, GBP, Related searches",1.13,0.83
"bleaching kosten berlin",4,70,I,"People also ask, AI Overview, Related searches",0.64,0.82
"zähne aufhellen hamburg",4,70,"L, C","Local pack, Reviews, Video, People also ask, Find results on, Related searches",0.89,0.89
"zahn korrektur kosten",20,70,I,"Video, People also ask, Images, Bottom Ads, AI Overview, Related searches",1.14,0.52
"unsichtbare zahnkorrektur",14,70,I,"Video, People also ask, Images, AI Overview, Related searches",0,0
"schiefe zähne bei kindern",5,70,I,"Video, People also ask, Images, AI Overview, Related searches",0,0
"aufhellung zähne",20,70,I,"Video, People also ask, Images, AI Overview, Related searches",0.67,1
"unsichtbare zahnschiene kosten",0,70,I,,0,0
"aligner zahnspange kosten",11,70,I,"Video, People also ask, AI Overview, Related searches",0,0
"invisible line zahnspange",13,70,I,"Video, People also ask, Images, Bottom Ads, AI Overview, Related searches",1.47,0.59
"feste zahnspange durchsichtige brackets kosten",17,70,I,"Video, People also ask, AI Overview, Related searches",0,0
"zähne schief erwachsen",4,70,I,"Video, People also ask, Images, AI Overview, Related searches",1.06,0.61
"testsieger bleaching",14,70,I,"Reviews, Video, People also ask, Bottom Ads, Find results on, Related searches",0.6,1
"kind schiefe zähne",5,70,I,"Video, People also ask, Images, AI Overview, Related searches",0,0
"durchsichtige zahnspange erwachsene",14,70,"L, C","Local pack, Reviews, Video, People also ask, Images, Related searches",0,0
"invisalign versicherung",8,70,I,"Video, People also ask, AI Overview, Related searches",0,0
"invisalign clincheck",17,70,I,"Video, People also ask, Images, AI Overview, Related searches",0.66,0.09
"invisalign ergebnisse",5,70,I,"Video, People also ask, Images, AI Overview, Related searches",0,0
"invisalign app",31,70,I,"Video, People also ask, AI Overview, Related searches",0,0
"invisalign comprehensive",6,70,I,"Video, People also ask, Images, AI Overview, Related searches",0,0
"invisalign case",16,70,I,"Video, People also ask, Images, Related searches",0.08,1
"invisalign box",16,70,I,"Video, Images, Related searches",0,0
"schokolade nach bleaching",4,70,I,"Reviews, Video, People also ask, Images, AI Overview, Related searches",0,0
"retainer sinnvoll",7,70,I,"Video, People also ask, Images, AI Overview, Related searches",0,0.03
"invisalign germany",19,70,"L, C","Local pack, Reviews, Video, People also ask, Images, Related searches",0,0
dauerretainer,7,70,I,"Video, People also ask, Images, AI Overview, Related searches, Image",0.96,0.06
"backenzahn schief",10,70,I,"Video, People also ask, Images, AI Overview, Related searches",0,0
"schiefer eckzahn",6,70,I,"Video, People also ask, Images, AI Overview, Related searches",0.68,0.16
"draht nach fester zahnspange",6,70,I,"Video, People also ask, Images, AI Overview, Related searches",0,0
"retainer draht kosten",7,70,I,"Reviews, People also ask, Images, AI Overview, Related searches",0,0
"professionelle zahnreinigung zähne weißer",5,70,I,"Video, People also ask, Images, AI Overview, Related searches",0.68,0.18
"bleaching dresden",0,70,I,,0.85,0.6
"retainer braces",43,70,I,"Video, People also ask, Images, AI Overview, Related searches",0,0.01
"retainer ja oder nein",8,70,I,"Video, People also ask, Images, AI Overview, Related searches",0,0.03
"retainer locker",6,70,I,"Reviews, Video, People also ask, Images, AI Overview, Related searches",0,0.02
"retainer oben",7,70,I,"Video, People also ask, Images, AI Overview, Related searches",0,0
"zahnfehlstellung kind",17,70,I,"Video, People also ask, AI Overview, Related searches, Image",0,0
"wie schnell verschieben sich zähne ohne retainer",5,70,I,"Video, People also ask, Images, AI Overview, Related searches",0,0
"invisalign türkei",4,70,I,"Video, People also ask, Images, AI Overview, Related searches",0,0
"zahnschiene nach zahnspange",8,70,I,"Video, People also ask, Images, AI Overview, Related searches",0,0
"zahnbleaching freiburg",5,70,"L, C","Local pack, Reviews, Video, People also ask, Images, Find results on, Related searches",0.6,0.77
"zahnbleaching wiesbaden",0,70,I,,0.78,0.79
"zahnspange erwachsene durchsichtig",12,70,I,"Video, People also ask, Images, AI Overview, Related searches",0,0
"kosmetische bleaching",7,70,"L, C","Local pack, Reviews, Video, People also ask, Images, Related searches",0.64,0.89
"retainer durchsichtig",6,70,I,"Video, People also ask, Images, Related searches",1.19,0.13
"unsichtbare zahnschienen kosten",13,70,I,"Video, People also ask, Images, AI Overview, Related searches",0,0
"invisalign spange",5,70,I,"Video, People also ask, Images, AI Overview, Related searches",0,0
"herausnehmbarer retainer kosten",6,70,I,"Reviews, Video, People also ask, Images, AI Overview, Related searches",0,0
"kosten zähne richten lassen",7,70,I,"Video, People also ask, AI Overview, Related searches",0.96,0.76
"smile bleach",19,70,I,"Reviews, Video, People also ask, Images, Related searches",1.07,0.98
"drsmile oder invisalign",13,70,I,"Video, People also ask, AI Overview, Related searches",0,0
"invisible lines zahnspange",7,70,I,"Video, People also ask, Images, Bottom Ads, Related searches",0,0
"invisalign therapie",8,70,"L, C","Featured snippets, Local pack, Reviews, Video, People also ask, Images, Related searches",0,0
"zahn bleaching erfahrungen",8,70,I,"Video, People also ask, AI Overview, Related searches",0.61,0.22
"wie kann man die zähne weißer bekommen",0,70,I,,0.61,0.67
"draht nach der festen zahnspange",7,70,I,"Video, People also ask, Images, AI Overview, Related searches",0,0
"retainer zähne kaputt",6,70,I,"Video, People also ask, Images, AI Overview, Related searches",0,0
"online zahnschiene",14,70,I,"Video, People also ask, Top Ads, AI Overview, Related searches",0.85,1
"schiefes gebiss",11,70,I,"Video, People also ask, Images, Bottom Ads, AI Overview, Related searches",0,0.05
"zahn bleaching bonn",0,70,I,,1.81,0.85
"bleaching home set",11,70,I,"Reviews, Video, People also ask, Images, Find results on, Related searches",0.72,1
"zahn bleaching dresden",4,70,"L, C","Reviews, Video, People also ask, Bottom Ads, GBP, Related searches",0.79,0.72
"zahn bleaching wuppertal",4,70,"L, C","Reviews, People also ask, GBP, Related searches",0.71,0.57
"zahn bleaching zu hause",24,70,I,"Video, People also ask, Find results on, Related searches",0.51,1
"invisalign schiene kosten",6,70,I,"Video, People also ask, Images, AI Overview, Related searches",0,0
"können sich zähne verschieben",7,70,I,"Video, People also ask, Images, AI Overview, Related searches",0,0.01
"kfo schienen",4,70,I,"Video, People also ask, Images, AI Overview, Related searches",1.36,0.25
"zähne bleaching hamburg kosten",4,70,I,"People also ask, AI Overview, Related searches",0.56,0.76
"schiefe eckzähne",6,70,I,"Video, People also ask, Images, AI Overview, Related searches",0.68,0.16
"kosten retainer kleben",7,70,I,"Reviews, People also ask, Images, AI Overview, Related searches",0,0
"bleaching home kit",10,70,I,"Reviews, Video, People also ask, Images, Find results on, Related searches",0.67,1
"wie lange bleiben retainer drin",10,70,I,"Video, People also ask, AI Overview, Related searches",0,0
"wie lange bleibt ein retainer drin",10,70,I,"Video, People also ask, AI Overview, Related searches",0,0
"zähne bleaching dresden",11,70,"L, C","Local pack, Reviews, Video, People also ask, Images, Bottom Ads, Find results on, Related searches",0.71,0.67
"zahnspange aligner",0,70,I,,0,0
"zahnschiene online",14,70,I,"Video, People also ask, Images, Related searches",0.85,1
"zähne wachsen schief kind",12,70,I,"Video, People also ask, Images, AI Overview, Related searches",0,0
"wie teuer ist ein retainer",6,70,I,"Reviews, Video, People also ask, AI Overview, Related searches",0,0.07
"schiefe zähne galerie",15,70,"L, N","Reviews, Sitelinks, Video, Images, GBP, Related searches",0,0
"neuer retainer kosten",6,70,I,"Reviews, People also ask, AI Overview, Related searches",1.05,0.09
"schiefe zähne überkronen kosten",7,70,I,"Video, People also ask, Images, AI Overview, Related searches",0,0
"invisalign bereut",7,70,I,,0,0.01
"invisalign attachments gelöst",7,70,I,"Video, People also ask, Images, AI Overview, Related searches",0,0
"retainer oberkiefer probleme",0,70,I,,0,0
"diamond zahnbleaching",19,70,"L, C","Local pack, Reviews, Sitelinks, People also ask, Images, Bottom Ads, Shopping results, Related searches",0.59,1
"invisalign zahnzusatzversicherung erfahrung",11,70,I,"Reviews, Video, People also ask, Images, Bottom Ads, AI Overview, Related searches",0,0
"retainer löst sich nach 10 jahren",6,70,I,"Video, People also ask, AI Overview, Related searches",0,0.01
"invisalign scan",6,70,I,"Video, People also ask, Images, AI Overview, Related searches",0,0
"align technology invisalign",0,70,I,,0,0
"dr smile oder invisalign",14,70,I,"Video, People also ask, Images, AI Overview, Related searches",0,0
"zahnkorrekturschiene kosten",0,70,I,,1.08,0.76
"snow bleaching",6,70,I,"Reviews, Video, People also ask, Images, Related searches",0.04,0.84
"eckzähne schief",6,70,I,"Video, People also ask, Images, AI Overview, Related searches, Image",0.68,0.16
"wieviel kostet zahnbleaching",14,70,I,"Featured snippets, Video, People also ask, Images, Related searches",0.71,0.33
"zahnaufhellung leipzig",5,70,"L, C","Reviews, Video, People also ask, Images, GBP, Related searches",0.59,0.92
"invisalign mit gummis",11,70,I,"Video, People also ask, Images, AI Overview, Related searches",0,0
"retainer gebrochen kosten",7,70,I,"Reviews, People also ask, Images, AI Overview, Related searches",0,0.04
"eckzahn schief",9,70,I,"Video, People also ask, Images, AI Overview, Related searches",0.68,0.16
"wie lange muss man retainer tragen",6,70,I,"Video, People also ask, AI Overview, Related searches",0,0.02
"retainer draht gebrochen",6,70,I,"Video, People also ask, Images, AI Overview, Related searches",0,0.01
"retainer hat sich gelöst",6,70,I,"Video, People also ask, Images, AI Overview, Related searches",0,0.02
"retainer nebenwirkungen",0,70,I,,0,0
"retainer oberkiefer stört",0,70,I,,0,0
"brackets retainer",6,70,I,"Video, People also ask, Images, AI Overview, Related searches",0,0.01
"clear aligners kosten",6,70,I,"Video, People also ask, AI Overview, Related searches",0.88,0.56
"feste retainer kosten",5,70,I,"Reviews, Video, People also ask, Images, AI Overview, Related searches",0.98,0.25
"clincheck by invisalign",17,70,I,"Video, People also ask, AI Overview, Related searches",0.66,0.09
"clincheck for invisalign",15,70,I,"Video, People also ask, Images, AI Overview, Related searches",0.66,0.09
"gerade zähne",12,50,I,"Video, People also ask, Images, Bottom Ads, AI Overview, Related searches",0,0
"gerade zähne bekommen",16,50,I,"Video, People also ask, Images, Bottom Ads, AI Overview, Related searches",1.82,0.74
"beste zahnweiß zahnpasta",18,50,I,"Reviews, Video, People also ask, Bottom Ads, Find results on, Related searches",0.12,1
"invisalign bonn",12,50,"L, C","Local pack, Reviews, Video, People also ask, Related searches",2.47,0.92
"zahnaufhellung bleaching",20,50,"L, C","Local pack, Reviews, Video, People also ask, Images, Related searches",0.87,1
"bleaching ulm",5,50,"L, C","Local pack, Reviews, People also ask, Images, Bottom Ads, Find results on, Related searches",0.75,0.77
"bleaching aachen",4,50,"L, C","Reviews, Video, People also ask, Images, GBP, Related searches",0.51,0.56
"zähne bleaching schmerzen",5,50,I,"Video, People also ask, Images, AI Overview, Related searches",0,0.02
"zähne bleachen mit schiene",19,50,I,"Video, People also ask, Images, Related searches",0.54,0.98
"bestes zahnbleaching",14,50,I,"Reviews, Video, People also ask, Images, Find results on, Related searches",0.61,1
"invisalign ratenzahlung",6,50,I,"Video, People also ask, Images, AI Overview, Related searches",1.75,0.77
"retainer preis",6,50,I,"Featured snippets, Reviews, Video, People also ask, Images, Related searches",1.02,0.17
"invisalign sichtbar",5,50,I,"Video, People also ask, Images, AI Overview, Related searches",0,0.02
"invisalign bilder",7,50,I,"Video, People also ask, Related searches",0,0.09
"invisible line kosten",7,50,I,"Video, People also ask, AI Overview, Related searches",1.09,0.7
"zähne gerade",17,50,I,"Video, People also ask, Images, AI Overview, Related searches",1.6,0.52
"fläsh bleaching schmerzen",5,50,I,"Video, People also ask, Images, AI Overview, Related searches",0,0
"zahn bleaching kosten",15,50,I,"Video, People also ask, Images, AI Overview, Related searches",0.64,0.62
"ungerade zähne",5,50,I,"Video, People also ask, AI Overview, Related searches, Image",1.2,0.21
"bleaching braunschweig",4,50,"L, C","Reviews, Video, People also ask, Images, GBP, Related searches",0.81,0.5
"bleaching dauer",9,50,I,"Video, People also ask, Images, AI Overview, Related searches",0.63,0.1
"zahnreinigung zähne weißer",9,50,I,"People also ask, Images, AI Overview, Related searches",0.99,0.68
"beste zahnaufhellung drogerie",10,50,I,"Reviews, Video, People also ask, Images, Find results on, Related searches",0.14,1
"kunststoffschienen zähne",20,50,I,"Video, People also ask, Images, AI Overview, Related searches",0.89,0.75
"retainer oberkiefer erfahrungen",6,50,I,"Video, People also ask, Images, AI Overview, Related searches",0,0.02
"schiefe kinderzähne",6,50,I,"Video, People also ask, AI Overview, Related searches",0,0.02
"wie teuer ist invisalign",5,50,I,"Video, People also ask, AI Overview, Related searches",0.96,0.61
"schnarchen zahnarzt",0,50,I,,0,0
"retainer kosten krankenkasse",8,50,I,"Video, People also ask, Images, AI Overview, Related searches",0,0.03
"retainer oder schiene",5,50,I,"Video, People also ask, Images, AI Overview, Related searches",0,0
"kieferfehlstellung ohne op korrigieren",9,50,I,"Video, People also ask, Images, AI Overview, Related searches",0.62,0.37
"invisalign nur 16 stunden",5,50,I,"Video, People also ask, AI Overview, Related searches",1.67,0.1
"untere zähne schief",10,50,I,"Video, People also ask, Images, AI Overview, Related searches",1.46,0.16
"leicht schiefe zähne",5,50,I,"Video, People also ask, Images, AI Overview, Related searches",0.95,0.12
"weiße gerade zähne",9,50,I,"Video, People also ask, Images, AI Overview, Related searches",1.02,0.4
"bleaching invisalign",7,50,I,"Video, People also ask, Images, Related searches",0.79,0.55
"retainer neu kleben kosten",8,50,I,"Reviews, People also ask, AI Overview, Related searches",0,0.08
"invisalign schlechte erfahrungen forum",7,50,I,"Video, People also ask, Bottom Ads, AI Overview, Related searches",0,0.02
"fester retainer nachteile",6,50,I,"Video, People also ask, Images, AI Overview, Related searches",0,0
"invisalign attachments notwendig",9,50,I,"Video, People also ask, Images, AI Overview, Related searches, Image",0,0
"invisalign bleaching",7,50,I,"Video, People also ask, Images, Related searches",0.79,0.55
"retainer schmerzen nach jahren",5,50,I,"Video, People also ask, Images, AI Overview, Related searches",0,0.01
"bleaching zahnaufhellung",29,50,"L, C","Local pack, Reviews, Video, People also ask, Images, Related searches",0.87,1
"invisible lines kosten",7,50,I,"Video, People also ask, Images, AI Overview, Related searches",1.09,0.7
"retainer rausnehmen",6,50,I,"Video, People also ask, Images, AI Overview, Related searches",0,0.02
"zahnfehlstellung schneidezähne",23,50,I,"Video, People also ask, Images, AI Overview, Related searches",0,0.11
"retainer zahnzusatzversicherung",9,50,I,"Reviews, Video, People also ask, Images, AI Overview, Related searches, Middle Ads",1.71,0.74
"retainer selbst entfernen",7,50,I,"Reviews, Video, People also ask, Images, AI Overview, Related searches",0,0
"invisalign cijena",5,50,I,"Video, Images, AI Overview, Related searches",0.79,0.47
"invisalign wie teuer",5,50,I,"Video, People also ask, AI Overview, Related searches",0.96,0.61
"zahnschienen preis",20,50,I,"Featured snippets, Video, People also ask, Images, Related searches",1.21,0.65
"zähne bleaching berlin kosten",4,40,I,"People also ask, Images, AI Overview, Related searches",0.72,0.75
"kosmetisches bleaching erfahrungen",4,40,I,"Video, People also ask, AI Overview, Related searches",0.86,0.47
"zahn gerade machen",11,40,I,"Video, People also ask, Images, AI Overview, Related searches, Image",1.49,0.81
"zähne bleaching kosten berlin",5,40,"L, C","Local pack, Reviews, People also ask, Related searches",0.72,0.75
"schiefer schneidezahn",10,40,I,"Video, People also ask, Images, AI Overview, Related searches",0.75,0.17
"retainer kaputt was tun",0,40,I,,0,0.05
"nach zahnspange draht",7,40,I,"Video, People also ask, Images, Bottom Ads, AI Overview, Related searches",0,0
"zahnseide mit retainer",7,40,I,"Video, People also ask, Images, AI Overview, Related searches",0,0.64
"invisalign attachments stören",6,40,I,"Video, People also ask, Images, AI Overview, Related searches",0,0.01
"retainer löst sich immer wieder",6,40,I,"Video, People also ask, Images, AI Overview, Related searches",0,0
"zähne gerade machen erwachsene",11,40,I,"Video, People also ask, Images, Related searches",1.02,0.91
"zahnbleaching kosten",13,30,I,"Video, People also ask, Images, Bottom Ads, AI Overview, Related searches, Image",0.64,0.62
"zähne weißer bekommen",11,30,I,"Video, People also ask, Images, AI Overview, Related searches",0.64,1
"zähne weiß bekommen",11,30,I,"Video, People also ask, Images, AI Overview, Related searches",0.64,1
"bleaching kosten frankfurt",6,30,I,"Reviews, Video, People also ask, AI Overview, Related searches",0.54,0.77
"zähne begradigen lassen",4,30,I,"Featured snippets, Video, People also ask, Images, Related searches",1.33,0.86
"bleaching zähne preis",4,30,I,"Featured snippets, Video, People also ask, Find results on, Related searches",0.69,0.44
"bleaching frankfurt kosten",6,30,I,"Reviews, Video, People also ask, Bottom Ads, AI Overview, Related searches",0.54,0.77
"babyzähne schief",14,30,I,"Video, People also ask, Images, AI Overview, Related searches",0,0
"retainer deutsch",14,30,I,"Reviews, Video, People also ask, AI Overview, Related searches",0,0.01
"schiefe vorderzähne",5,30,I,"Featured snippets, Video, People also ask, Images, Related searches",0,0.23
"retainer garantie",6,30,I,"Video, People also ask, Images, AI Overview, Related searches",0,0
"home bleaching erfahrung",11,30,I,"People also ask, AI Overview, Related searches",0.09,0.84
"home bleaching erfahrungen",10,30,I,"People also ask, AI Overview, Related searches",0.09,0.84
"wie lange retainer",6,30,I,"Video, People also ask, Images, AI Overview, Related searches",0,0
"ist bleaching gut für die zähne",25,30,I,"Video, People also ask, Bottom Ads, AI Overview, Related searches, Image",0.48,0.14
"einzelnen schiefen zahn richten",5,30,I,"Video, People also ask, Images, AI Overview, Related searches",0.53,0.6
"backenzähne schief",6,30,I,"Video, People also ask, Images, Bottom Ads, AI Overview, Related searches, Image",0,0.07
"retainer löst sich was tun",7,30,I,"Video, People also ask, Images, AI Overview, Related searches",0,0.01
"retainer oberkiefer sinnvoll",6,30,I,"Video, People also ask, Images, AI Overview, Related searches",0,0.02
"zähne gerade schleifen vorher nachher",8,30,I,"Video, People also ask, AI Overview, Related searches",0,0
"zahnschiene kosten",16,20,I,"Featured snippets, Video, People also ask, Images, Find results on, Related searches",0.94,0.69
"retainer zahnspange",11,20,I,"Video, People also ask, Bottom Ads, AI Overview, Related searches",0,0
"zähne weiß machen",11,20,I,"Video, People also ask, Images, AI Overview, Related searches",0.68,1
"zähne weißer machen",11,20,I,"Video, People also ask, Images, Related searches",0.68,1
"gerade zähne in kurzer zeit",11,20,I,"Video, People also ask, Images, AI Overview, Related searches",0,0.1
"kosten zahnschiene",0,20,I,,0.94,0.69
"invisalign konstanz",11,20,"L, C","Local pack, Reviews, People also ask, Images, Find results on, Related searches",1.55,0.71
"aligner zahnspange",16,20,I,"Video, People also ask, Images, Bottom Ads, AI Overview, Related searches",1.05,0.48
"invisalign schiene steht ab",7,20,I,"Video, People also ask, Images, AI Overview, Related searches",0,0.02
"kosten retainer",7,20,I,"Reviews, Video, People also ask, Images, AI Overview, Related searches",0.87,0.12
"zahnspange durchsichtige",5,20,I,"Video, People also ask, Images, Bottom Ads, Related searches",1.37,0.5
"invisalign beratung",7,20,"L, C","Local pack, Reviews, Video, People also ask, Related searches",1.37,0.62
"vorderzähne schief",10,20,I,"Video, People also ask, Images, AI Overview, Related searches",0.86,0.24
"feiern gehen mit invisalign",8,20,I,"Video, People also ask, AI Overview, Related searches",0,0.02
"kieferorthopäde mülheim",14,10,"L, C","Local pack, Reviews, Images, Find results on, Related searches, Image",0,0
"zahnschienen kosten",24,10,I,"Video, People also ask, Images, Related searches",0,0
"zahnarzt mülheim an der ruhr",15,10,"L, C","Local pack, Reviews, Video, Find results on, Related searches, Middle Ads",0,0
"bleaching für die zähne",32,10,I,"People also ask, Images, Related searches, Image",0.8,1
"durchsichtige zahnspangen",17,10,I,"Video, People also ask, Images, AI Overview, Related searches",0,0
"aufhellen der zähne",32,10,I,"People also ask, Images, AI Overview, Related searches, Image",0.63,1
"kiefergelenk knacken",6,10,I,"Video, People also ask, Images, AI Overview, Related searches",0.04,0.08
"was ist ein retainer",12,10,I,"Video, People also ask, Images, AI Overview, Related searches",0.86,0.02
"augenbraue bleaching",7,10,C,"Reviews, Video, People also ask, Images, Shopping results, Related searches",0.08,1
"kosten zahnschienen",21,10,I,"Video, People also ask, AI Overview, Related searches",0,0
"zähne gerade ohne spange",8,10,I,"Video, People also ask, Images, AI Overview, Related searches, Image",1.67,0.63
"digitaler retainer",7,10,I,"Video, People also ask, Images, Related searches",0,0.04
"professionelle zahnreinigung mülheim",4,10,"L, C","Local pack, Reviews, Images",0,0
"retainer kfo",9,10,I,"Video, People also ask, Images, Bottom Ads, Related searches",1.16,0.04
"gebleacht zähne",28,10,I,"Video, People also ask, AI Overview, Related searches",0,0
"zahn korrektur schiene kosten",22,10,I,"Images, AI Overview, Related searches",0,0
"aligner test",16,10,I,"Video, People also ask, Bottom Ads, Related searches",1.41,0.71
"zähne begradigen krankenkasse",17,10,I,"Video, People also ask, AI Overview, Related searches",0,0.28
"klebe retainer",5,10,C,"Video, People also ask, Images, Shopping results, Related searches",0,0.04
"bleaching gel for teeth",26,10,I,"Video, People also ask, Images, Related searches",0,1
